,symbol
0,A
1,AA
2,AAC
3,AACG
4,AACQ
5,AACQU
6,AACQW
7,AAIC
8,AAL
9,AAMC
10,AAME
11,AAN
12,AAOI
13,AAON
14,AAP
15,AAPL
16,AAT
17,AAU
18,AAWW
19,AB
20,ABB
21,ABBV
22,ABC
23,ABCB
24,ABCL
25,ABCM
26,ABEO
27,ABEV
28,ABG
29,ABGI
30,ABIO
31,ABM
32,ABMD
33,ABNB
34,ABR
35,ABST
36,ABT
37,ABTX
38,ABUS
39,AC
40,ACA
41,ACAC
42,ACACU
43,ACACW
44,ACAD
45,ACAHU
46,ACB
47,ACBAU
48,ACBI
49,ACC
50,ACCD
51,ACCO
52,ACEL
53,ACER
54,ACET
55,ACEV
56,ACEVU
57,ACEVW
58,ACGL
59,ACGLO
60,ACGLP
61,ACH
62,ACHC
63,ACHL
64,ACHV
65,ACI
66,ACIC
67,ACII
68,ACIU
69,ACIW
70,ACKIT
71,ACKIU
72,ACKIW
73,ACLS
74,ACM
75,ACMR
76,ACN
77,ACNB
78,ACND
79,ACOR
80,ACQRU
81,ACR
82,ACRE
83,ACRS
84,ACRX
85,ACST
86,ACTC
87,ACTCU
88,ACTCW
89,ACTDU
90,ACTG
91,ACU
92,ACVA
93,ACY
94,ADAG
95,ADAP
96,ADBE
97,ADC
98,ADCT
99,ADER
100,ADERU
101,ADERW
102,ADES
103,ADEX
104,ADI
105,ADIL
106,ADM
107,ADMA
108,ADMP
109,ADMS
110,ADN
111,ADNT
112,ADNWW
113,ADOC
114,ADOCR
115,ADOCW
116,ADP
117,ADPT
118,ADRA
119,ADS
120,ADSK
121,ADT
122,ADTN
123,ADTX
124,ADUS
125,ADV
126,ADVM
127,ADVWW
128,ADXN
129,ADXS
130,AE
131,AEAC
132,AEACU
133,AEACW
134,AEB
135,AEE
136,AEFC
137,AEG
138,AEGN
139,AEHL
140,AEHR
141,AEI
142,AEIS
143,AEL
144,AEM
145,AEMD
146,AENZ
147,AEO
148,AEP
149,AEPPL
150,AEPPZ
151,AER
152,AERI
153,AES
154,AESC
155,AESE
156,AEVA
157,AEY
158,AEYE
159,AEZS
160,AFAQU
161,AFBI
162,AFCG
163,AFG
164,AFGB
165,AFGC
166,AFGD
167,AFGE
168,AFI
169,AFIB
170,AFIN
171,AFINO
172,AFINP
173,AFL
174,AFMD
175,AFRM
176,AFYA
177,AG
178,AGAC
179,AGBA
180,AGBAR
181,AGBAU
182,AGBAW
183,AGC
184,AGCB
185,AGCO
186,AGCUU
187,AGCWW
188,AGE
189,AGEN
190,AGFS
191,AGFY
192,AGGRU
193,AGI
194,AGIO
195,AGLE
196,AGM
197,AGM-A
198,AGMH
199,AGNC
200,AGNCM
201,AGNCN
202,AGNCO
203,AGNCP
204,AGO
205,AGR
206,AGRO
207,AGRX
208,AGS
209,AGTC
210,AGX
211,AGYS
212,AHAC
213,AHACU
214,AHACW
215,AHC
216,AHCO
217,AHH
218,AHPI
219,AHT
220,AI
221,AIC
222,AIG
223,AIH
224,AIHS
225,AIKI
226,AIM
227,AIMC
228,AIN
229,AINC
230,AINV
231,AIO
232,AIR
233,AIRC
234,AIRG
235,AIRI
236,AIRT
237,AIRTP
238,AIRTW
239,AIT
240,AIV
241,AIW
242,AIZ
243,AIZN
244,AJAX
245,AJG
246,AJRD
247,AJX
248,AJXA
249,AKAM
250,AKBA
251,AKER
252,AKIC
253,AKICU
254,AKICW
255,AKO-A
256,AKO-B
257,AKR
258,AKRO
259,AKTS
260,AKTX
261,AKU
262,AKUS
263,AL
264,ALAC
265,ALACR
266,ALACW
267,ALB
268,ALBO
269,ALC
270,ALCO
271,ALDX
272,ALE
273,ALEC
274,ALEX
275,ALG
276,ALGM
277,ALGN
278,ALGS
279,ALGT
280,ALHC
281,ALIM
282,ALJJ
283,ALK
284,ALKS
285,ALL
286,ALLE
287,ALLK
288,ALLO
289,ALLT
290,ALLY
291,ALNA
292,ALNY
293,ALOT
294,ALPN
295,ALRM
296,ALRN
297,ALRS
298,ALSK
299,ALSN
300,ALT
301,ALTA
302,ALTG
303,ALTM
304,ALTO
305,ALTR
306,ALTU
307,ALTUU
308,ALTUW
309,ALUS
310,ALV
311,ALVR
312,ALX
313,ALXN
314,ALXO
315,ALYA
316,AM
317,AMAL
318,AMAOU
319,AMAT
320,AMBA
321,AMBC
322,AMBO
323,AMC
324,AMCR
325,AMCX
326,AMD
327,AME
328,AMED
329,AMEH
330,AMG
331,AMGN
332,AMH
333,AMHC
334,AMHCU
335,AMHCW
336,AMK
337,AMKR
338,AMN
339,AMNB
340,AMOT
341,AMOV
342,AMP
343,AMPE
344,AMPG
345,AMPGW
346,AMPH
347,AMPY
348,AMR
349,AMRB
350,AMRC
351,AMRK
352,AMRN
353,AMRS
354,AMRX
355,AMS
356,AMSC
357,AMSF
358,AMST
359,AMSWA
360,AMT
361,AMTB
362,AMTBB
363,AMTI
364,AMTR
365,AMTX
366,AMWD
367,AMWL
368,AMX
369,AMYT
370,AMZN
371,AN
372,ANAB
373,ANAT
374,ANDA
375,ANDAR
376,ANDAU
377,ANDAW
378,ANDE
379,ANET
380,ANF
381,ANGI
382,ANGN
383,ANGO
384,ANIK
385,ANIP
386,ANIX
387,ANNX
388,ANPC
389,ANSS
390,ANTE
391,ANTM
392,ANVS
393,ANY
394,ANZUU
395,AON
396,AONE
397,AOS
398,AOSL
399,AOUT
400,AP
401,APA
402,APAM
403,APD
404,APDN
405,APEI
406,APEN
407,APG
408,APGB
409,APH
410,APHA
411,API
412,APLE
413,APLS
414,APLT
415,APM
416,APO
417,APOG
418,APOP
419,APOPW
420,APPF
421,APPH
422,APPHW
423,APPN
424,APPS
425,APR
426,APRE
427,APRN
428,APSG
429,APT
430,APTO
431,APTS
432,APTV
433,APTX
434,APVO
435,APWC
436,APXT
437,APXTU
438,APXTW
439,APYX
440,AQB
441,AQMS
442,AQN
443,AQNA
444,AQNB
445,AQST
446,AQUA
447,AR
448,ARAV
449,ARAY
450,ARBG
451,ARBGU
452,ARBGW
453,ARC
454,ARCB
455,ARCC
456,ARCE
457,ARCH
458,ARCO
459,ARCT
460,ARD
461,ARDS
462,ARDX
463,ARE
464,AREC
465,ARES
466,ARGD
467,ARGO
468,ARGX
469,ARI
470,ARKO
471,ARKOW
472,ARKR
473,ARL
474,ARLO
475,ARLP
476,ARMK
477,ARMP
478,ARNA
479,ARNC
480,AROC
481,AROW
482,ARPO
483,ARQT
484,ARR
485,ARRWU
486,ARRY
487,ARTL
488,ARTLW
489,ARTNA
490,ARTW
491,ARVL
492,ARVLW
493,ARVN
494,ARW
495,ARWR
496,ARYA
497,ARYD
498,ASAI
499,ASAN
500,ASAQ
501,ASAX
502,ASAXU
503,ASAXW
504,ASB
505,ASC
506,ASGI
507,ASGN
508,ASH
509,ASIX
510,ASLE
511,ASLEW
512,ASLN
513,ASM
514,ASMB
515,ASML
516,ASND
517,ASO
518,ASPCU
519,ASPL
520,ASPN
521,ASPS
522,ASPU
523,ASR
524,ASRT
525,ASRV
526,ASRVP
527,ASTC
528,ASTE
529,ASTS
530,ASTSW
531,ASUR
532,ASX
533,ASXC
534,ASYS
535,AT
536,ATA
537,ATAC
538,ATAX
539,ATC
540,ATCO
541,ATCX
542,ATEC
543,ATEN
544,ATEX
545,ATGE
546,ATH
547,ATHA
548,ATHE
549,ATHM
550,ATHX
551,ATI
552,ATIF
553,ATKR
554,ATLC
555,ATLO
556,ATMR
557,ATNF
558,ATNFW
559,ATNI
560,ATNM
561,ATNX
562,ATO
563,ATOM
564,ATOS
565,ATR
566,ATRA
567,ATRC
568,ATRI
569,ATRO
570,ATRS
571,ATSG
572,ATSPU
573,ATTO
574,ATUS
575,ATVCU
576,ATVI
577,ATXI
578,AU
579,AUB
580,AUBAP
581,AUBN
582,AUD
583,AUDC
584,AUMN
585,AUPH
586,AURCU
587,AUTL
588,AUTO
589,AUUD
590,AUUDW
591,AUVI
592,AUY
593,AVA
594,AVAL
595,AVAN
596,AVAV
597,AVB
598,AVCO
599,AVCT
600,AVCTW
601,AVD
602,AVDL
603,AVEO
604,AVGO
605,AVGOP
606,AVGR
607,AVID
608,AVIR
609,AVLR
610,AVNS
611,AVNT
612,AVNW
613,AVO
614,AVRO
615,AVT
616,AVTR
617,AVXL
618,AVY
619,AVYA
620,AWH
621,AWI
622,AWK
623,AWR
624,AWRE
625,AWX
626,AX
627,AXAS
628,AXDX
629,AXGN
630,AXL
631,AXLA
632,AXNX
633,AXON
634,AXP
635,AXR
636,AXS
637,AXSM
638,AXTA
639,AXTI
640,AXU
641,AY
642,AYI
643,AYLA
644,AYRO
645,AYTU
646,AYX
647,AZEK
648,AZN
649,AZO
650,AZPN
651,AZRE
652,AZRX
653,AZUL
654,AZYO
655,AZZ
656,B
657,BA
658,BABA
659,BAC
660,BAH
661,BAK
662,BALY
663,BAM
664,BAMH
665,BAMI
666,BANC
667,BAND
668,BANF
669,BANFP
670,BANR
671,BANX
672,BAOS
673,BAP
674,BATL
675,BATRA
676,BATRK
677,BAX
678,BB
679,BBAR
680,BBBY
681,BBCP
682,BBD
683,BBDC
684,BBDO
685,BBGI
686,BBI
687,BBIG
688,BBIO
689,BBL
690,BBQ
691,BBSI
692,BBU
693,BBVA
694,BBW
695,BBY
696,BC
697,BCAB
698,BCAC
699,BCACU
700,BCACW
701,BCAT
702,BCBP
703,BCC
704,BCDA
705,BCDAW
706,BCE
707,BCEI
708,BCEL
709,BCH
710,BCLI
711,BCML
712,BCO
713,BCOR
714,BCOV
715,BCOW
716,BCPC
717,BCRX
718,BCS
719,BCSF
720,BCTG
721,BCTX
722,BCTXW
723,BCYC
724,BCYP
725,BCYPU
726,BCYPW
727,BDC
728,BDCX
729,BDL
730,BDN
731,BDR
732,BDSI
733,BDSX
734,BDTX
735,BDX
736,BDXB
737,BE
738,BEAM
739,BECN
740,BEDU
741,BEEM
742,BEEMW
743,BEKE
744,BELFA
745,BELFB
746,BEN
747,BENE
748,BENER
749,BENEU
750,BENEW
751,BEP
752,BEPC
753,BERY
754,BEST
755,BF-A
756,BF-B
757,BFAM
758,BFC
759,BFI
760,BFIIW
761,BFIN
762,BFLY
763,BFRA
764,BFS
765,BFST
766,BG
767,BGCP
768,BGFV
769,BGI
770,BGNE
771,BGS
772,BGSF
773,BH
774,BH-A
775,BHAT
776,BHB
777,BHC
778,BHE
779,BHF
780,BHFAL
781,BHFAN
782,BHFAO
783,BHFAP
784,BHLB
785,BHP
786,BHR
787,BHSE
788,BHSEU
789,BHSEW
790,BHTG
791,BHVN
792,BIDU
793,BIG
794,BIGC
795,BIGZ
796,BIIB
797,BILI
798,BILL
799,BIMI
800,BIO
801,BIO-B
802,BIOC
803,BIOL
804,BIOT
805,BIOTU
806,BIOTW
807,BIOX
808,BIP
809,BIPC
810,BITE
811,BIVI
812,BJ
813,BJRI
814,BK
815,BKCC
816,BKD
817,BKE
818,BKEP
819,BKEPP
820,BKH
821,BKI
822,BKNG
823,BKR
824,BKSC
825,BKTI
826,BKU
827,BKYI
828,BL
829,BLBD
830,BLCM
831,BLCT
832,BLD
833,BLDP
834,BLDR
835,BLFS
836,BLI
837,BLIN
838,BLK
839,BLKB
840,BLL
841,BLMN
842,BLNK
843,BLNKW
844,BLPH
845,BLRX
846,BLSA
847,BLTS
848,BLTSU
849,BLTSW
850,BLU
851,BLUA
852,BLUE
853,BLUW
854,BLUWU
855,BLUWW
856,BLX
857,BMA
858,BMBL
859,BMEZ
860,BMI
861,BMO
862,BMRA
863,BMRC
864,BMRN
865,BMTC
866,BMTX
867,BMY
868,BNED
869,BNFT
870,BNGO
871,BNGOW
872,BNKL
873,BNL
874,BNR
875,BNS
876,BNSO
877,BNTC
878,BNTX
879,BOAC
880,BOAS
881,BOCH
882,BOH
883,BOKF
884,BOKFL
885,BOLT
886,BOMN
887,BOOM
888,BOOT
889,BORR
890,BOSC
891,BOTJ
892,BOWX
893,BOWXU
894,BOWXW
895,BOX
896,BOXL
897,BP
898,BPFH
899,BPMC
900,BPMP
901,BPOP
902,BPOPM
903,BPOPN
904,BPRN
905,BPT
906,BPTH
907,BPTS
908,BPY
909,BPYPN
910,BPYPO
911,BPYPP
912,BPYU
913,BPYUP
914,BQ
915,BR
916,BRBR
917,BRBS
918,BRC
919,BREZ
920,BREZR
921,BREZW
922,BRFS
923,BRG
924,BRID
925,BRK-A
926,BRK-B
927,BRKL
928,BRKR
929,BRKS
930,BRLI
931,BRLIR
932,BRLIU
933,BRLIW
934,BRMK
935,BRN
936,BRO
937,BROG
938,BRP
939,BRPA
940,BRPAR
941,BRPAU
942,BRPAW
943,BRPMU
944,BRQS
945,BRT
946,BRX
947,BRY
948,BSA
949,BSAC
950,BSBK
951,BSBR
952,BSET
953,BSGM
954,BSIG
955,BSM
956,BSMX
957,BSN
958,BSPE
959,BSQR
960,BSRR
961,BSTZ
962,BSVN
963,BSX
964,BSY
965,BTAI
966,BTAQ
967,BTAQU
968,BTAQW
969,BTBT
970,BTG
971,BTI
972,BTN
973,BTNB
974,BTRS
975,BTRSW
976,BTU
977,BTWN
978,BTWNU
979,BTWNW
980,BTX
981,BUD
982,BURL
983,BUSE
984,BV
985,BVH
986,BVN
987,BVS
988,BVXV
989,BW
990,BWA
991,BWAC
992,BWACU
993,BWACW
994,BWAY
995,BWB
996,BWEN
997,BWFG
998,BWL-A
999,BWMX
1000,BWSN
1001,BWXT
1002,BX
1003,BXC
1004,BXG
1005,BXMT
1006,BXP
1007,BXRX
1008,BXS
1009,BY
1010,BYD
1011,BYFC
1012,BYND
1013,BYSI
1014,BYTSU
1015,BZH
1016,BZUN
1017,C
1018,CAAP
1019,CAAS
1020,CABA
1021,CABO
1022,CAC
1023,CACC
1024,CACI
1025,CADE
1026,CAE
1027,CAG
1028,CAH
1029,CAHC
1030,CAHCU
1031,CAHCW
1032,CAI
1033,CAJ
1034,CAKE
1035,CAL
1036,CALA
1037,CALB
1038,CALM
1039,CALT
1040,CALX
1041,CAMP
1042,CAMT
1043,CAN
1044,CANF
1045,CANG
1046,CAP
1047,CAPA
1048,CAPAU
1049,CAPAW
1050,CAPL
1051,CAPR
1052,CAR
1053,CARA
1054,CARE
1055,CARG
1056,CARR
1057,CARS
1058,CARV
1059,CAS
1060,CASA
1061,CASH
1062,CASI
1063,CASS
1064,CASY
1065,CAT
1066,CATB
1067,CATC
1068,CATM
1069,CATO
1070,CATY
1071,CB
1072,CBAH
1073,CBAN
1074,CBAT
1075,CBAY
1076,CBB
1077,CBD
1078,CBFV
1079,CBIO
1080,CBLI
1081,CBMB
1082,CBNK
1083,CBO
1084,CBOE
1085,CBPO
1086,CBRE
1087,CBRL
1088,CBSH
1089,CBT
1090,CBTX
1091,CBU
1092,CBZ
1093,CC
1094,CCAC
1095,CCAP
1096,CCB
1097,CCBG
1098,CCCC
1099,CCEP
1100,CCF
1101,CCI
1102,CCIV
1103,CCJ
1104,CCK
1105,CCL
1106,CCLP
1107,CCM
1108,CCMP
1109,CCNC
1110,CCNE
1111,CCNEP
1112,CCO
1113,CCOI
1114,CCRC
1115,CCRN
1116,CCS
1117,CCU
1118,CCV
1119,CCVI
1120,CCX
1121,CCXI
1122,CCZ
1123,CD
1124,CDAK
1125,CDAY
1126,CDE
1127,CDEV
1128,CDK
1129,CDLX
1130,CDMO
1131,CDMOP
1132,CDNA
1133,CDNS
1134,CDOR
1135,CDR
1136,CDTX
1137,CDW
1138,CDXC
1139,CDXS
1140,CDZI
1141,CE
1142,CEA
1143,CECE
1144,CEFD
1145,CEI
1146,CEIX
1147,CELC
1148,CELH
1149,CELP
1150,CEMI
1151,CENH
1152,CENHU
1153,CENHW
1154,CENT
1155,CENTA
1156,CENX
1157,CEPU
1158,CEQP
1159,CEQP-P
1160,CERC
1161,CERE
1162,CEREW
1163,CERN
1164,CERS
1165,CERT
1166,CETX
1167,CETXP
1168,CETXW
1169,CEVA
1170,CF
1171,CFAC
1172,CFACU
1173,CFACW
1174,CFB
1175,CFBK
1176,CFFEU
1177,CFFI
1178,CFFN
1179,CFFVU
1180,CFFVW
1181,CFG
1182,CFIV
1183,CFIVU
1184,CFIVW
1185,CFMS
1186,CFR
1187,CFRX
1188,CFV
1189,CFVIU
1190,CFX
1191,CFXA
1192,CG
1193,CGA
1194,CGBD
1195,CGC
1196,CGEM
1197,CGEN
1198,CGNT
1199,CGNX
1200,CGRO
1201,CGROU
1202,CGROW
1203,CHAA
1204,CHAQ
1205,CHCI
1206,CHCO
1207,CHCT
1208,CHD
1209,CHDN
1210,CHE
1211,CHEF
1212,CHEK
1213,CHEKZ
1214,CHFS
1215,CHFW
1216,CHGG
1217,CHH
1218,CHK
1219,CHKEL
1220,CHKEW
1221,CHKEZ
1222,CHKP
1223,CHMA
1224,CHMG
1225,CHMI
1226,CHNG
1227,CHNGU
1228,CHNR
1229,CHPM
1230,CHPMU
1231,CHPMW
1232,CHPT
1233,CHRA
1234,CHRS
1235,CHRW
1236,CHS
1237,CHSCL
1238,CHSCM
1239,CHSCN
1240,CHSCO
1241,CHSCP
1242,CHT
1243,CHTR
1244,CHUY
1245,CHWY
1246,CHX
1247,CI
1248,CIA
1249,CIB
1250,CIDM
1251,CIEN
1252,CIG
1253,CIG-C
1254,CIGI
1255,CIH
1256,CIM
1257,CINF
1258,CINR
1259,CIO
1260,CIR
1261,CIT
1262,CIVB
1263,CIX
1264,CIXX
1265,CIZN
1266,CJJD
1267,CKH
1268,CKPT
1269,CKX
1270,CL
1271,CLAR
1272,CLAS
1273,CLB
1274,CLBK
1275,CLBS
1276,CLDB
1277,CLDR
1278,CLDT
1279,CLDX
1280,CLEU
1281,CLF
1282,CLFD
1283,CLGN
1284,CLGX
1285,CLH
1286,CLI
1287,CLII
1288,CLIM
1289,CLIR
1290,CLLS
1291,CLMT
1292,CLNC
1293,CLNE
1294,CLNN
1295,CLNNW
1296,CLNY
1297,CLOV
1298,CLOVW
1299,CLPR
1300,CLPS
1301,CLPT
1302,CLR
1303,CLRB
1304,CLRBZ
1305,CLRM
1306,CLRMU
1307,CLRMW
1308,CLRO
1309,CLS
1310,CLSD
1311,CLSK
1312,CLSN
1313,CLVR
1314,CLVRW
1315,CLVS
1316,CLVT
1317,CLW
1318,CLWT
1319,CLX
1320,CLXT
1321,CM
1322,CMA
1323,CMBM
1324,CMC
1325,CMCL
1326,CMCM
1327,CMCO
1328,CMCSA
1329,CMCT
1330,CMCTP
1331,CMD
1332,CME
1333,CMG
1334,CMI
1335,CMIIU
1336,CMLF
1337,CMLFU
1338,CMLFW
1339,CMLS
1340,CMLTU
1341,CMMB
1342,CMO
1343,CMP
1344,CMPI
1345,CMPR
1346,CMPS
1347,CMRE
1348,CMRX
1349,CMS
1350,CMSA
1351,CMSC
1352,CMSD
1353,CMT
1354,CMTL
1355,CNA
1356,CNBKA
1357,CNC
1358,CNCE
1359,CND
1360,CNDT
1361,CNET
1362,CNEY
1363,CNF
1364,CNFR
1365,CNFRL
1366,CNHI
1367,CNI
1368,CNK
1369,CNMD
1370,CNNB
1371,CNNE
1372,CNO
1373,CNOB
1374,CNP
1375,CNQ
1376,CNR
1377,CNS
1378,CNSL
1379,CNSP
1380,CNST
1381,CNTB
1382,CNTG
1383,CNTY
1384,CNX
1385,CNXC
1386,CNXN
1387,CO
1388,COCP
1389,CODA
1390,CODI
1391,CODX
1392,COE
1393,COF
1394,COFS
1395,COG
1396,COGT
1397,COHN
1398,COHR
1399,COHU
1400,COKE
1401,COLB
1402,COLD
1403,COLIU
1404,COLL
1405,COLM
1406,COMM
1407,COMP
1408,COMS
1409,CONE
1410,CONN
1411,CONX
1412,CONXU
1413,CONXW
1414,COO
1415,COOL
1416,COOLU
1417,COOLW
1418,COOP
1419,COP
1420,COR
1421,CORE
1422,CORR
1423,CORT
1424,COST
1425,COTY
1426,COUP
1427,COUR
1428,COVA
1429,COVAU
1430,COVAW
1431,COWN
1432,COWNL
1433,COWNZ
1434,CP
1435,CPA
1436,CPAC
1437,CPB
1438,CPE
1439,CPF
1440,CPG
1441,CPHC
1442,CPHI
1443,CPIX
1444,CPK
1445,CPLG
1446,CPLP
1447,CPNG
1448,CPRI
1449,CPRT
1450,CPRX
1451,CPS
1452,CPSH
1453,CPSI
1454,CPSR
1455,CPSS
1456,CPST
1457,CPT
1458,CPTA
1459,CPTAG
1460,CPTAL
1461,CPTK
1462,CPUH
1463,CPZ
1464,CQP
1465,CR
1466,CRAI
1467,CRBP
1468,CRC
1469,CRCT
1470,CRD-A
1471,CRD-B
1472,CRDF
1473,CREE
1474,CREG
1475,CRESY
1476,CREX
1477,CREXW
1478,CRH
1479,CRHC
1480,CRHM
1481,CRI
1482,CRIS
1483,CRK
1484,CRKN
1485,CRL
1486,CRM
1487,CRMD
1488,CRMT
1489,CRNC
1490,CRNT
1491,CRNX
1492,CRON
1493,CROX
1494,CRS
1495,CRSA
1496,CRSAU
1497,CRSAW
1498,CRSP
1499,CRSR
1500,CRT
1501,CRTD
1502,CRTDW
1503,CRTO
1504,CRTX
1505,CRU
1506,CRUS
1507,CRVL
1508,CRVS
1509,CRWD
1510,CRWS
1511,CRY
1512,CRZNU
1513,CS
1514,CSAN
1515,CSBR
1516,CSCO
1517,CSCW
1518,CSGP
1519,CSGS
1520,CSII
1521,CSIQ
1522,CSL
1523,CSLT
1524,CSOD
1525,CSPI
1526,CSPR
1527,CSR
1528,CSSE
1529,CSSEN
1530,CSSEP
1531,CSTA
1532,CSTE
1533,CSTL
1534,CSTM
1535,CSTR
1536,CSU
1537,CSV
1538,CSWC
1539,CSWI
1540,CSX
1541,CTAC
1542,CTAQ
1543,CTAQU
1544,CTAQW
1545,CTAS
1546,CTB
1547,CTBB
1548,CTBI
1549,CTDD
1550,CTEK
1551,CTG
1552,CTHR
1553,CTIB
1554,CTIC
1555,CTK
1556,CTLT
1557,CTMX
1558,CTO
1559,CTOS
1560,CTRE
1561,CTRM
1562,CTRN
1563,CTS
1564,CTSH
1565,CTSO
1566,CTT
1567,CTVA
1568,CTXR
1569,CTXRW
1570,CTXS
1571,CUB
1572,CUBB
1573,CUBE
1574,CUBI
1575,CUE
1576,CUEN
1577,CUK
1578,CULP
1579,CURI
1580,CURIW
1581,CURO
1582,CUTR
1583,CUZ
1584,CVA
1585,CVAC
1586,CVBF
1587,CVCO
1588,CVCY
1589,CVE
1590,CVEO
1591,CVET
1592,CVGI
1593,CVGW
1594,CVI
1595,CVII
1596,CVLG
1597,CVLT
1598,CVLY
1599,CVM
1600,CVNA
1601,CVR
1602,CVS
1603,CVU
1604,CVV
1605,CVX
1606,CW
1607,CWBC
1608,CWBR
1609,CWCO
1610,CWEN
1611,CWEN-A
1612,CWH
1613,CWK
1614,CWST
1615,CWT
1616,CX
1617,CXDC
1618,CXDO
1619,CXP
1620,CXW
1621,CYAD
1622,CYAN
1623,CYBE
1624,CYBR
1625,CYCC
1626,CYCCP
1627,CYCN
1628,CYD
1629,CYH
1630,CYRN
1631,CYRX
1632,CYTH
1633,CYTHW
1634,CYTK
1635,CZNC
1636,CZR
1637,CZWI
1638,D
1639,DAC
1640,DADA
1641,DAIO
1642,DAKT
1643,DAL
1644,DAN
1645,DAO
1646,DAR
1647,DARE
1648,DASH
1649,DAVA
1650,DB
1651,DBD
1652,DBDR
1653,DBDRU
1654,DBDRW
1655,DBI
1656,DBTX
1657,DBVT
1658,DBX
1659,DCBO
1660,DCI
1661,DCO
1662,DCOM
1663,DCOMP
1664,DCP
1665,DCPH
1666,DCRB
1667,DCRBU
1668,DCRBW
1669,DCRCU
1670,DCRN
1671,DCRNU
1672,DCRNW
1673,DCT
1674,DCTH
1675,DCUE
1676,DD
1677,DDD
1678,DDMX
1679,DDMXU
1680,DDMXW
1681,DDOG
1682,DDS
1683,DDT
1684,DE
1685,DEA
1686,DECK
1687,DEH
1688,DEI
1689,DELL
1690,DEN
1691,DENN
1692,DEO
1693,DESP
1694,DFFN
1695,DFH
1696,DFHT
1697,DFHTU
1698,DFHTW
1699,DFIN
1700,DFNS
1701,DFPH
1702,DFPHU
1703,DFPHW
1704,DFS
1705,DG
1706,DGICA
1707,DGICB
1708,DGII
1709,DGLY
1710,DGNR
1711,DGNS
1712,DGNU
1713,DGX
1714,DHBCU
1715,DHC
1716,DHCAU
1717,DHCNI
1718,DHCNL
1719,DHHC
1720,DHHCU
1721,DHHCW
1722,DHI
1723,DHIL
1724,DHR
1725,DHT
1726,DHX
1727,DIN
1728,DIOD
1729,DIS
1730,DISAU
1731,DISCA
1732,DISCB
1733,DISCK
1734,DISH
1735,DIT
1736,DJCO
1737,DK
1738,DKL
1739,DKNG
1740,DKS
1741,DLA
1742,DLB
1743,DLCA
1744,DLCAU
1745,DLCAW
1746,DLHC
1747,DLNG
1748,DLPN
1749,DLR
1750,DLTH
1751,DLTR
1752,DLX
1753,DLY
1754,DM
1755,DMAC
1756,DMLP
1757,DMRC
1758,DMS
1759,DMTK
1760,DMYD
1761,DMYI
1762,DNLI
1763,DNMR
1764,DNN
1765,DNOW
1766,DNZ
1767,DOC
1768,DOCN
1769,DOCU
1770,DOGZ
1771,DOMO
1772,DOOO
1773,DOOR
1774,DORM
1775,DOV
1776,DOW
1777,DOX
1778,DOYU
1779,DPW
1780,DPZ
1781,DQ
1782,DRD
1783,DRE
1784,DRH
1785,DRI
1786,DRIO
1787,DRNA
1788,DRQ
1789,DRRX
1790,DRTT
1791,DRUA
1792,DRVN
1793,DS
1794,DSAC
1795,DSACU
1796,DSACW
1797,DSEY
1798,DSGN
1799,DSGX
1800,DSKE
1801,DSKEW
1802,DSP
1803,DSPG
1804,DSS
1805,DSSI
1806,DSWL
1807,DSX
1808,DT
1809,DTB
1810,DTE
1811,DTEA
1812,DTIL
1813,DTJ
1814,DTLA-P
1815,DTOCU
1816,DTP
1817,DTSS
1818,DTW
1819,DTY
1820,DUK
1821,DUKB
1822,DUKH
1823,DUNE
1824,DUNEU
1825,DUNEW
1826,DUO
1827,DUOT
1828,DVA
1829,DVAX
1830,DVD
1831,DVN
1832,DWIN
1833,DWSN
1834,DX
1835,DXC
1836,DXCM
1837,DXF
1838,DXPE
1839,DXR
1840,DXYN
1841,DY
1842,DYAI
1843,DYFN
1844,DYN
1845,DYNT
1846,DZSI
1847,E
1848,EA
1849,EAC
1850,EACPU
1851,EACPW
1852,EAF
1853,EAI
1854,EAR
1855,EARN
1856,EARS
1857,EAST
1858,EAT
1859,EB
1860,EBACU
1861,EBAY
1862,EBC
1863,EBF
1864,EBIX
1865,EBMT
1866,EBON
1867,EBR
1868,EBR-B
1869,EBS
1870,EBSB
1871,EBTC
1872,EC
1873,ECCB
1874,ECCW
1875,ECCX
1876,ECCY
1877,ECHO
1878,ECL
1879,ECOL
1880,ECOM
1881,ECOR
1882,ECPG
1883,ED
1884,EDAP
1885,EDIT
1886,EDN
1887,EDRY
1888,EDSA
1889,EDTK
1890,EDTX
1891,EDTXU
1892,EDTXW
1893,EDU
1894,EDUC
1895,EEFT
1896,EEIQ
1897,EEX
1898,EFC
1899,EFOI
1900,EFSC
1901,EFX
1902,EGAN
1903,EGBN
1904,EGHT
1905,EGLE
1906,EGO
1907,EGOV
1908,EGP
1909,EGRX
1910,EGY
1911,EH
1912,EHC
1913,EHTH
1914,EIC
1915,EIG
1916,EIGR
1917,EIX
1918,EJFAU
1919,EKSO
1920,EL
1921,ELA
1922,ELAN
1923,ELAT
1924,ELC
1925,ELDN
1926,ELF
1927,ELLO
1928,ELMD
1929,ELOX
1930,ELP
1931,ELS
1932,ELSE
1933,ELTK
1934,ELVT
1935,ELY
1936,ELYS
1937,EM
1938,EMAN
1939,EMCF
1940,EME
1941,EMKR
1942,EML
1943,EMN
1944,EMP
1945,EMPW
1946,EMR
1947,EMX
1948,ENB
1949,ENBA
1950,ENBL
1951,ENDP
1952,ENFA
1953,ENFAU
1954,ENFAW
1955,ENG
1956,ENIA
1957,ENIC
1958,ENJ
1959,ENLC
1960,ENLV
1961,ENNV
1962,ENNVU
1963,ENNVW
1964,ENO
1965,ENOB
1966,ENPC
1967,ENPH
1968,ENR
1969,ENS
1970,ENSG
1971,ENSV
1972,ENTA
1973,ENTG
1974,ENTX
1975,ENTXW
1976,ENV
1977,ENVA
1978,ENVB
1979,ENVI
1980,ENVIU
1981,ENVIW
1982,ENZ
1983,EOG
1984,EOLS
1985,EOSE
1986,EOSEW
1987,EPAC
1988,EPAM
1989,EPAY
1990,EPC
1991,EPD
1992,EPHY
1993,EPHYU
1994,EPHYW
1995,EPIX
1996,EPM
1997,EPR
1998,EPRT
1999,EPSN
2000,EPWR
2001,EPZM
2002,EQ
2003,EQBK
2004,EQC
2005,EQD
2006,EQH
2007,EQHA
2008,EQIX
2009,EQNR
2010,EQOS
2011,EQR
2012,EQS
2013,EQT
2014,EQX
2015,ERES
2016,ERESU
2017,ERESW
2018,ERF
2019,ERIC
2020,ERIE
2021,ERII
2022,ERJ
2023,ERYP
2024,ES
2025,ESBA
2026,ESBK
2027,ESCA
2028,ESE
2029,ESEA
2030,ESGC
2031,ESGR
2032,ESGRO
2033,ESGRP
2034,ESI
2035,ESLT
2036,ESNT
2037,ESP
2038,ESPR
2039,ESQ
2040,ESRT
2041,ESS
2042,ESSA
2043,ESSC
2044,ESSCR
2045,ESSCU
2046,ESSCW
2047,ESTA
2048,ESTC
2049,ESTE
2050,ESXB
2051,ET
2052,ETAC
2053,ETACU
2054,ETACW
2055,ETH
2056,ETI-P
2057,ETN
2058,ETNB
2059,ETON
2060,ETR
2061,ETRN
2062,ETSY
2063,ETTX
2064,ETWO
2065,EUCR
2066,EUCRU
2067,EUCRW
2068,EURN
2069,EUSG
2070,EUSGU
2071,EUSGW
2072,EVA
2073,EVAX
2074,EVBG
2075,EVBN
2076,EVC
2077,EVER
2078,EVFM
2079,EVGN
2080,EVH
2081,EVI
2082,EVK
2083,EVLO
2084,EVOJ
2085,EVOJU
2086,EVOJW
2087,EVOK
2088,EVOL
2089,EVOP
2090,EVR
2091,EVRG
2092,EVRI
2093,EVTC
2094,EW
2095,EWBC
2096,EWTX
2097,EXAS
2098,EXC
2099,EXEL
2100,EXFO
2101,EXK
2102,EXLS
2103,EXN
2104,EXP
2105,EXPC
2106,EXPCU
2107,EXPCW
2108,EXPD
2109,EXPE
2110,EXPI
2111,EXPO
2112,EXPR
2113,EXR
2114,EXTN
2115,EXTR
2116,EYE
2117,EYEG
2118,EYEN
2119,EYES
2120,EYESW
2121,EYPT
2122,EZGO
2123,EZPW
2124,F
2125,FAF
2126,FAII
2127,FAMI
2128,FANG
2129,FANH
2130,FARM
2131,FARO
2132,FAST
2133,FAT
2134,FATBP
2135,FATBW
2136,FATE
2137,FB
2138,FBC
2139,FBHS
2140,FBIO
2141,FBIOP
2142,FBIZ
2143,FBK
2144,FBMS
2145,FBNC
2146,FBP
2147,FBRX
2148,FBSS
2149,FC
2150,FCAC
2151,FCACU
2152,FCACW
2153,FCAP
2154,FCAX
2155,FCBC
2156,FCBP
2157,FCCO
2158,FCCY
2159,FCEL
2160,FCF
2161,FCFS
2162,FCN
2163,FCNCA
2164,FCNCP
2165,FCPT
2166,FCRD
2167,FCRW
2168,FCRZ
2169,FCX
2170,FDBC
2171,FDMT
2172,FDP
2173,FDS
2174,FDUS
2175,FDUSG
2176,FDUSZ
2177,FDX
2178,FE
2179,FEDU
2180,FEIM
2181,FELE
2182,FENC
2183,FENG
2184,FERG
2185,FET
2186,FEYE
2187,FF
2188,FFBC
2189,FFBW
2190,FFG
2191,FFHL
2192,FFIC
2193,FFIN
2194,FFIV
2195,FFNW
2196,FFWM
2197,FGBI
2198,FGEN
2199,FGF
2200,FGFPP
2201,FGNA
2202,FHB
2203,FHI
2204,FHN
2205,FHS
2206,FHTX
2207,FI
2208,FIBK
2209,FICO
2210,FIII
2211,FIIIU
2212,FIIIW
2213,FINM
2214,FINMU
2215,FINMW
2216,FINS
2217,FINV
2218,FIS
2219,FISI
2220,FISK
2221,FISV
2222,FITB
2223,FITBI
2224,FITBO
2225,FITBP
2226,FIVE
2227,FIVN
2228,FIX
2229,FIXX
2230,FIZZ
2231,FKWL
2232,FL
2233,FLAC
2234,FLACU
2235,FLACW
2236,FLDM
2237,FLEX
2238,FLGT
2239,FLIC
2240,FLIR
2241,FLL
2242,FLMN
2243,FLMNW
2244,FLNG
2245,FLNT
2246,FLO
2247,FLOW
2248,FLR
2249,FLS
2250,FLT
2251,FLUX
2252,FLWS
2253,FLXN
2254,FLXS
2255,FLY
2256,FMAC
2257,FMAO
2258,FMBH
2259,FMBI
2260,FMBIO
2261,FMBIP
2262,FMC
2263,FMIVU
2264,FMNB
2265,FMS
2266,FMTX
2267,FMX
2268,FN
2269,FNB
2270,FNCB
2271,FNCH
2272,FND
2273,FNF
2274,FNGS
2275,FNHC
2276,FNKO
2277,FNLC
2278,FNV
2279,FNWB
2280,FOA
2281,FOCS
2282,FOE
2283,FOLD
2284,FONR
2285,FOR
2286,FORA
2287,FORD
2288,FORE
2289,FOREU
2290,FOREW
2291,FORM
2292,FORR
2293,FORTY
2294,FOSL
2295,FOUR
2296,FOX
2297,FOXA
2298,FOXF
2299,FOXW
2300,FOXWU
2301,FOXWW
2302,FPAC
2303,FPAY
2304,FPH
2305,FPI
2306,FPRX
2307,FR
2308,FRAF
2309,FRBA
2310,FRBK
2311,FRC
2312,FRD
2313,FREE
2314,FREEW
2315,FREQ
2316,FRG
2317,FRGAP
2318,FRGI
2319,FRHC
2320,FRLN
2321,FRME
2322,FRO
2323,FROG
2324,FRONU
2325,FRPH
2326,FRPT
2327,FRSGU
2328,FRST
2329,FRSX
2330,FRT
2331,FRTA
2332,FRWAU
2333,FRX
2334,FSBW
2335,FSEA
2336,FSFG
2337,FSI
2338,FSII
2339,FSK
2340,FSKR
2341,FSLR
2342,FSLY
2343,FSM
2344,FSP
2345,FSR
2346,FSRV
2347,FSRVU
2348,FSRVW
2349,FSRXU
2350,FSS
2351,FSSI
2352,FSSIU
2353,FSSIW
2354,FST
2355,FSTR
2356,FSTX
2357,FSV
2358,FTAAU
2359,FTAI
2360,FTCH
2361,FTCV
2362,FTCVU
2363,FTCVW
2364,FTDR
2365,FTEK
2366,FTFT
2367,FTHM
2368,FTHY
2369,FTI
2370,FTIV
2371,FTIVU
2372,FTIVW
2373,FTK
2374,FTNT
2375,FTOC
2376,FTOCU
2377,FTOCW
2378,FTPAU
2379,FTS
2380,FTSI
2381,FTV
2382,FUBO
2383,FUL
2384,FULC
2385,FULT
2386,FULTP
2387,FUN
2388,FUNC
2389,FUND
2390,FURY
2391,FUSB
2392,FUSE
2393,FUSN
2394,FUTU
2395,FUV
2396,FVAM
2397,FVCB
2398,FVE
2399,FVRR
2400,FVT
2401,FWAA
2402,FWONA
2403,FWONK
2404,FWP
2405,FWRD
2406,FXNC
2407,G
2408,GABC
2409,GAIA
2410,GAIN
2411,GAINL
2412,GAINN
2413,GALT
2414,GAMCU
2415,GAN
2416,GANX
2417,GASS
2418,GATO
2419,GATX
2420,GAU
2421,GB
2422,GBCI
2423,GBDC
2424,GBIO
2425,GBL
2426,GBLI
2427,GBLIL
2428,GBNH
2429,GBNY
2430,GBOX
2431,GBR
2432,GBRGU
2433,GBS
2434,GBT
2435,GBUG
2436,GBX
2437,GCAC
2438,GCACU
2439,GCACW
2440,GCBC
2441,GCI
2442,GCMG
2443,GCMGW
2444,GCO
2445,GCP
2446,GD
2447,GDDY
2448,GDEN
2449,GDOT
2450,GDP
2451,GDRX
2452,GDS
2453,GDXD
2454,GDXU
2455,GDYN
2456,GDYNW
2457,GE
2458,GECC
2459,GECCL
2460,GECCM
2461,GECCN
2462,GEF
2463,GEF-B
2464,GEG
2465,GEL
2466,GENC
2467,GENE
2468,GEO
2469,GEOS
2470,GERN
2471,GES
2472,GEVO
2473,GFED
2474,GFF
2475,GFI
2476,GFL
2477,GFLU
2478,GFN
2479,GFNCP
2480,GFNSZ
2481,GFX
2482,GGAL
2483,GGB
2484,GGG
2485,GGMCU
2486,GGO
2487,GGPIU
2488,GH
2489,GHAC
2490,GHACU
2491,GHACW
2492,GHC
2493,GHG
2494,GHL
2495,GHLD
2496,GHM
2497,GHSI
2498,GHVI
2499,GHVIU
2500,GHVIW
2501,GIB
2502,GIFI
2503,GIG
2504,GIGGU
2505,GIGGW
2506,GIGM
2507,GIII
2508,GIIXU
2509,GIK
2510,GIL
2511,GILD
2512,GILT
2513,GIS
2514,GIX
2515,GJH
2516,GJO
2517,GJP
2518,GJR
2519,GJS
2520,GJT
2521,GKOS
2522,GL
2523,GLAD
2524,GLADL
2525,GLAQ
2526,GLAQU
2527,GLAQW
2528,GLBLU
2529,GLBS
2530,GLBZ
2531,GLDD
2532,GLEO
2533,GLG
2534,GLHAU
2535,GLMD
2536,GLNG
2537,GLOB
2538,GLOG
2539,GLOP
2540,GLP
2541,GLPG
2542,GLPI
2543,GLRE
2544,GLSI
2545,GLSPU
2546,GLT
2547,GLTO
2548,GLUU
2549,GLW
2550,GLYC
2551,GM
2552,GMAB
2553,GMBL
2554,GMBLW
2555,GMBT
2556,GMBTU
2557,GMBTW
2558,GMDA
2559,GME
2560,GMED
2561,GMII
2562,GMIIU
2563,GMIIW
2564,GMLP
2565,GMLPP
2566,GMRE
2567,GMS
2568,GMTA
2569,GMTX
2570,GNAC
2571,GNACU
2572,GNACW
2573,GNCA
2574,GNE
2575,GNFT
2576,GNK
2577,GNL
2578,GNLN
2579,GNMK
2580,GNOG
2581,GNPK
2582,GNPX
2583,GNRC
2584,GNRS
2585,GNRSU
2586,GNRSW
2587,GNSS
2588,GNTX
2589,GNTY
2590,GNUS
2591,GNW
2592,GO
2593,GOAC
2594,GOCO
2595,GOED
2596,GOEV
2597,GOEVW
2598,GOGL
2599,GOGO
2600,GOL
2601,GOLD
2602,GOLF
2603,GOOD
2604,GOODM
2605,GOODN
2606,GOOG
2607,GOOGL
2608,GOOS
2609,GORO
2610,GOSS
2611,GOVX
2612,GOVXW
2613,GP
2614,GPAC
2615,GPACU
2616,GPACW
2617,GPC
2618,GPI
2619,GPJA
2620,GPK
2621,GPL
2622,GPMT
2623,GPN
2624,GPP
2625,GPRE
2626,GPRK
2627,GPRO
2628,GPS
2629,GPX
2630,GRA
2631,GRAY
2632,GRBK
2633,GRC
2634,GRCL
2635,GRCY
2636,GRCYU
2637,GRCYW
2638,GRFS
2639,GRIL
2640,GRIN
2641,GRMN
2642,GRNQ
2643,GRNV
2644,GRNVR
2645,GRNVU
2646,GRNVW
2647,GROW
2648,GROY
2649,GRPN
2650,GRSV
2651,GRSVU
2652,GRSVW
2653,GRTS
2654,GRTX
2655,GRUB
2656,GRVY
2657,GRWG
2658,GS
2659,GSAH
2660,GSAQ
2661,GSAQU
2662,GSAQW
2663,GSAT
2664,GSBC
2665,GSBD
2666,GSEVU
2667,GSHD
2668,GSIT
2669,GSK
2670,GSKY
2671,GSL
2672,GSLD
2673,GSM
2674,GSMG
2675,GSMGW
2676,GSQD
2677,GSS
2678,GSV
2679,GSX
2680,GT
2681,GTBP
2682,GTE
2683,GTEC
2684,GTES
2685,GTH
2686,GTHX
2687,GTIM
2688,GTLS
2689,GTN
2690,GTN-A
2691,GTPAU
2692,GTPBU
2693,GTS
2694,GTT
2695,GTY
2696,GTYH
2697,GURE
2698,GVA
2699,GVP
2700,GWAC
2701,GWACW
2702,GWB
2703,GWGH
2704,GWPH
2705,GWRE
2706,GWRS
2707,GWW
2708,GXGX
2709,GXGXU
2710,GXGXW
2711,GXIIU
2712,GYRO
2713,H
2714,HA
2715,HAAC
2716,HAACU
2717,HAACW
2718,HAE
2719,HAFC
2720,HAIN
2721,HAL
2722,HALL
2723,HALO
2724,HAPP
2725,HARP
2726,HAS
2727,HASI
2728,HAYN
2729,HAYW
2730,HBAN
2731,HBANN
2732,HBANO
2733,HBANP
2734,HBB
2735,HBCP
2736,HBI
2737,HBIO
2738,HBM
2739,HBMD
2740,HBNC
2741,HBP
2742,HBT
2743,HCA
2744,HCAP
2745,HCAQ
2746,HCAR
2747,HCARU
2748,HCARW
2749,HCAT
2750,HCC
2751,HCCC
2752,HCCCU
2753,HCCCW
2754,HCCI
2755,HCDI
2756,HCHC
2757,HCI
2758,HCIC
2759,HCICU
2760,HCICW
2761,HCII
2762,HCIIU
2763,HCIIW
2764,HCKT
2765,HCM
2766,HCSG
2767,HCXY
2768,HCXZ
2769,HD
2770,HDB
2771,HDSN
2772,HE
2773,HEAR
2774,HEC
2775,HECCU
2776,HECCW
2777,HEES
2778,HEI
2779,HEI-A
2780,HELE
2781,HEP
2782,HEPA
2783,HERAU
2784,HES
2785,HESM
2786,HEXO
2787,HFBL
2788,HFC
2789,HFFG
2790,HFWA
2791,HGBL
2792,HGEN
2793,HGH
2794,HGLB
2795,HGSH
2796,HGV
2797,HHC
2798,HHLA
2799,HHR
2800,HI
2801,HIBB
2802,HIBL
2803,HIBS
2804,HIFS
2805,HIG
2806,HIGA
2807,HIHO
2808,HII
2809,HIIIU
2810,HIL
2811,HIMS
2812,HIMX
2813,HIW
2814,HJLI
2815,HKIB
2816,HL
2817,HLAH
2818,HLAHU
2819,HLAHW
2820,HLF
2821,HLG
2822,HLI
2823,HLIO
2824,HLIT
2825,HLM-P
2826,HLNE
2827,HLT
2828,HLX
2829,HLXA
2830,HMC
2831,HMCO
2832,HMCOU
2833,HMG
2834,HMHC
2835,HMLP
2836,HMN
2837,HMNF
2838,HMPT
2839,HMST
2840,HMSY
2841,HMTV
2842,HMY
2843,HNGR
2844,HNI
2845,HNNA
2846,HNP
2847,HNRG
2848,HOFT
2849,HOFV
2850,HOFVW
2851,HOG
2852,HOL
2853,HOLI
2854,HOLUU
2855,HOLUW
2856,HOLX
2857,HOMB
2858,HOME
2859,HON
2860,HONE
2861,HOOK
2862,HOPE
2863,HOTH
2864,HOV
2865,HOVNP
2866,HP
2867,HPE
2868,HPK
2869,HPKEW
2870,HPP
2871,HPQ
2872,HPX
2873,HQI
2874,HQY
2875,HR
2876,HRB
2877,HRC
2878,HRI
2879,HRL
2880,HRMY
2881,HROW
2882,HRTG
2883,HRTX
2884,HRZN
2885,HSAQ
2886,HSBC
2887,HSC
2888,HSDT
2889,HSIC
2890,HSII
2891,HSKA
2892,HSON
2893,HST
2894,HSTM
2895,HSTO
2896,HSY
2897,HT
2898,HTA
2899,HTBI
2900,HTBK
2901,HTBX
2902,HTFA
2903,HTFB
2904,HTGC
2905,HTGM
2906,HTH
2907,HTHT
2908,HTIA
2909,HTLD
2910,HTLF
2911,HTLFP
2912,HTOO
2913,HTOOW
2914,HTPA
2915,HUBB
2916,HUBG
2917,HUBS
2918,HUDI
2919,HUGE
2920,HUIZ
2921,HUM
2922,HUN
2923,HURC
2924,HURN
2925,HUSA
2926,HUSN
2927,HUYA
2928,HVBC
2929,HVT
2930,HVT-A
2931,HWBK
2932,HWC
2933,HWCC
2934,HWCPL
2935,HWCPZ
2936,HWKN
2937,HWM
2938,HX
2939,HXL
2940,HY
2941,HYACU
2942,HYFM
2943,HYLN
2944,HYMC
2945,HYMCZ
2946,HYRE
2947,HYW
2948,HZAC
2949,HZN
2950,HZNP
2951,HZO
2952,HZON
2953,IAA
2954,IAC
2955,IACA
2956,IACB
2957,IAG
2958,IART
2959,IBA
2960,IBCP
2961,IBEX
2962,IBIO
2963,IBKR
2964,IBM
2965,IBN
2966,IBOC
2967,IBP
2968,IBRX
2969,IBTX
2970,ICAD
2971,ICBK
2972,ICCC
2973,ICCH
2974,ICD
2975,ICE
2976,ICFI
2977,ICHR
2978,ICL
2979,ICLK
2980,ICLR
2981,ICMB
2982,ICON
2983,ICPT
2984,ICUI
2985,ID
2986,IDA
2987,IDBA
2988,IDCC
2989,IDEX
2990,IDN
2991,IDRA
2992,IDT
2993,IDXX
2994,IDYA
2995,IEA
2996,IEAWW
2997,IEC
2998,IEP
2999,IESC
3000,IEX
3001,IFF
3002,IFF 6
3003,IFMK
3004,IFRX
3005,IFS
3006,IGAC
3007,IGACU
3008,IGACW
3009,IGC
3010,IGIC
3011,IGICW
3012,IGMS
3013,IGNY
3014,IGNYU
3015,IGNYW
3016,IGT
3017,IH
3018,IHC
3019,IHG
3020,IHRT
3021,IHT
3022,IIAC
3023,III
3024,IIII
3025,IIIIU
3026,IIIIW
3027,IIIN
3028,IIIV
3029,IIN
3030,IIPR
3031,IIVI
3032,IIVIP
3033,IKNA
3034,IKNX
3035,IKT
3036,ILMN
3037,ILPT
3038,IMAB
3039,IMAC
3040,IMAX
3041,IMBI
3042,IMCC
3043,IMCR
3044,IMGN
3045,IMKTA
3046,IMMP
3047,IMMR
3048,IMNM
3049,IMO
3050,IMOS
3051,IMPX
3052,IMRA
3053,IMRN
3054,IMTE
3055,IMTX
3056,IMTXW
3057,IMUX
3058,IMV
3059,IMVT
3060,IMXI
3061,INBK
3062,INBKL
3063,INBKZ
3064,INBX
3065,INCY
3066,INDB
3067,INDO
3068,INDT
3069,INFI
3070,INFN
3071,INFO
3072,INFU
3073,INFY
3074,ING
3075,INGN
3076,INGR
3077,INKA
3078,INKAU
3079,INKAW
3080,INM
3081,INMB
3082,INMD
3083,INN
3084,INNV
3085,INO
3086,INOD
3087,INOV
3088,INPX
3089,INS
3090,INSE
3091,INSG
3092,INSM
3093,INSP
3094,INSW
3095,INT
3096,INTC
3097,INTG
3098,INTT
3099,INTU
3100,INTZ
3101,INUV
3102,INVA
3103,INVE
3104,INVH
3105,INVO
3106,INVZ
3107,INVZW
3108,INZY
3109,IO
3110,IONS
3111,IOR
3112,IOSP
3113,IOVA
3114,IP
3115,IPA
3116,IPAR
3117,IPB
3118,IPDN
3119,IPG
3120,IPGP
3121,IPHA
3122,IPHI
3123,IPI
3124,IPLDP
3125,IPOD
3126,IPOE
3127,IPOF
3128,IPVIU
3129,IPWR
3130,IQ
3131,IQV
3132,IR
3133,IRBT
3134,IRCP
3135,IRDM
3136,IRIX
3137,IRM
3138,IRMD
3139,IROQ
3140,IRS
3141,IRT
3142,IRTC
3143,IRWD
3144,ISBC
3145,ISDR
3146,ISEE
3147,ISIG
3148,ISLE
3149,ISLEW
3150,ISNS
3151,ISR
3152,ISRG
3153,ISSC
3154,ISTR
3155,ISUN
3156,IT
3157,ITAC
3158,ITACU
3159,ITACW
3160,ITCB
3161,ITCI
3162,ITGR
3163,ITHX
3164,ITHXU
3165,ITHXW
3166,ITI
3167,ITIC
3168,ITMR
3169,ITOS
3170,ITP
3171,ITQ
3172,ITQRU
3173,ITQRW
3174,ITRG
3175,ITRI
3176,ITRM
3177,ITRN
3178,ITT
3179,ITUB
3180,ITW
3181,IVA
3182,IVAC
3183,IVAN
3184,IVC
3185,IVR
3186,IVZ
3187,IWFL
3188,IWML
3189,IX
3190,IXSE
3191,IZEA
3192,J
3193,JACK
3194,JAGX
3195,JAKK
3196,JAMF
3197,JAN
3198,JAX
3199,JAZZ
3200,JBGS
3201,JBHT
3202,JBK
3203,JBL
3204,JBLU
3205,JBSS
3206,JBT
3207,JCI
3208,JCIC
3209,JCICU
3210,JCICW
3211,JCO
3212,JCOM
3213,JCS
3214,JCTCF
3215,JD
3216,JEF
3217,JELD
3218,JFIN
3219,JFU
3220,JG
3221,JHAA
3222,JHG
3223,JHX
3224,JIH
3225,JILL
3226,JJSF
3227,JKHY
3228,JKS
3229,JLL
3230,JMIA
3231,JMP
3232,JMPNL
3233,JMPNZ
3234,JNCE
3235,JNJ
3236,JNPR
3237,JOAN
3238,JOB
3239,JOBS
3240,JOE
3241,JOFF
3242,JOFFU
3243,JOFFW
3244,JOUT
3245,JP
3246,JPM
3247,JRJC
3248,JRSH
3249,JRVR
3250,JSM
3251,JT
3252,JUPW
3253,JUPWW
3254,JVA
3255,JW-A
3256,JW-B
3257,JWEL
3258,JWN
3259,JWS
3260,JWSM
3261,JYAC
3262,JYNT
3263,K
3264,KAI
3265,KAIIU
3266,KAIR
3267,KAIRU
3268,KAIRW
3269,KALA
3270,KALU
3271,KALV
3272,KAMN
3273,KAR
3274,KARO
3275,KB
3276,KBAL
3277,KBH
3278,KBNT
3279,KBNTW
3280,KBR
3281,KBSF
3282,KC
3283,KCAPL
3284,KDMN
3285,KDNY
3286,KDP
3287,KE
3288,KELYA
3289,KELYB
3290,KEN
3291,KEP
3292,KEQU
3293,KERN
3294,KERNW
3295,KEX
3296,KEY
3297,KEYS
3298,KFFB
3299,KFRC
3300,KFS
3301,KFY
3302,KGC
3303,KHC
3304,KIDS
3305,KIIIU
3306,KIM
3307,KIN
3308,KINS
3309,KINZ
3310,KINZU
3311,KINZW
3312,KIQ
3313,KIRK
3314,KKR
3315,KL
3316,KLAC
3317,KLAQ
3318,KLAQU
3319,KLAQW
3320,KLDO
3321,KLIC
3322,KLR
3323,KLXE
3324,KMB
3325,KMDA
3326,KMI
3327,KMPH
3328,KMPR
3329,KMT
3330,KMX
3331,KN
3332,KNDI
3333,KNL
3334,KNOP
3335,KNSA
3336,KNSL
3337,KNTE
3338,KNX
3339,KO
3340,KOD
3341,KODK
3342,KOF
3343,KOP
3344,KOPN
3345,KOR
3346,KOS
3347,KOSS
3348,KPTI
3349,KR
3350,KRA
3351,KRBP
3352,KRC
3353,KREF
3354,KRG
3355,KRKR
3356,KRMD
3357,KRNL
3358,KRNLU
3359,KRNLW
3360,KRNT
3361,KRNY
3362,KRO
3363,KRON
3364,KROS
3365,KRP
3366,KRTX
3367,KRUS
3368,KRYS
3369,KSICU
3370,KSMT
3371,KSMTU
3372,KSMTW
3373,KSPN
3374,KSS
3375,KSU
3376,KSU-P
3377,KT
3378,KTB
3379,KTCC
3380,KTH
3381,KTN
3382,KTOS
3383,KTRA
3384,KUKE
3385,KURA
3386,KURI
3387,KURIU
3388,KURIW
3389,KVHI
3390,KVSA
3391,KVSB
3392,KVSC
3393,KW
3394,KWAC
3395,KWR
3396,KXIN
3397,KYMR
3398,KZIA
3399,KZR
3400,L
3401,LABP
3402,LAC
3403,LACQ
3404,LACQW
3405,LAD
3406,LADR
3407,LAIX
3408,LAKE
3409,LAMR
3410,LANC
3411,LAND
3412,LANDM
3413,LANDO
3414,LARK
3415,LASR
3416,LATN
3417,LATNU
3418,LATNW
3419,LAUR
3420,LAWS
3421,LAZ
3422,LAZR
3423,LAZY
3424,LB
3425,LBAI
3426,LBC
3427,LBPH
3428,LBPS
3429,LBPSW
3430,LBRDA
3431,LBRDK
3432,LBRDP
3433,LBRT
3434,LBTYA
3435,LBTYB
3436,LBTYK
3437,LC
3438,LCAAU
3439,LCAHU
3440,LCAP
3441,LCAPU
3442,LCAPW
3443,LCI
3444,LCII
3445,LCNB
3446,LCTX
3447,LCUT
3448,LCY
3449,LCYAU
3450,LCYAW
3451,LDHAU
3452,LDI
3453,LDL
3454,LDOS
3455,LE
3456,LEA
3457,LEAF
3458,LEAP
3459,LECO
3460,LEDS
3461,LEE
3462,LEG
3463,LEGAU
3464,LEGH
3465,LEGN
3466,LEGO
3467,LEGOU
3468,LEGOW
3469,LEJU
3470,LEN
3471,LEN-B
3472,LESL
3473,LEU
3474,LEVI
3475,LEVL
3476,LEVLP
3477,LEXX
3478,LEXXW
3479,LFC
3480,LFMD
3481,LFT
3482,LFTR
3483,LFTRU
3484,LFTRW
3485,LFUS
3486,LFVN
3487,LGAC
3488,LGACU
3489,LGACW
3490,LGF-A
3491,LGF-B
3492,LGHL
3493,LGHLW
3494,LGIH
3495,LGL
3496,LGND
3497,LGVN
3498,LH
3499,LHAA
3500,LHC
3501,LHCG
3502,LHDX
3503,LHX
3504,LI
3505,LIFE
3506,LII
3507,LILA
3508,LILAK
3509,LIN
3510,LINC
3511,LIND
3512,LINK
3513,LINX
3514,LIQT
3515,LITB
3516,LITE
3517,LIVE
3518,LIVK
3519,LIVKU
3520,LIVN
3521,LIVX
3522,LIXT
3523,LIXTW
3524,LIZI
3525,LJAQ
3526,LJAQU
3527,LJAQW
3528,LJPC
3529,LKCO
3530,LKFN
3531,LKQ
3532,LL
3533,LLIT
3534,LLNW
3535,LLY
3536,LMACA
3537,LMACU
3538,LMACW
3539,LMAO
3540,LMAOU
3541,LMAOW
3542,LMAT
3543,LMB
3544,LMFA
3545,LMND
3546,LMNL
3547,LMNR
3548,LMNX
3549,LMPX
3550,LMRK
3551,LMRKN
3552,LMRKO
3553,LMRKP
3554,LMST
3555,LMT
3556,LNC
3557,LND
3558,LNDC
3559,LNFA
3560,LNG
3561,LNN
3562,LNSR
3563,LNT
3564,LNTH
3565,LOAN
3566,LOB
3567,LOCO
3568,LODE
3569,LOGC
3570,LOGI
3571,LOKB
3572,LOMA
3573,LOOP
3574,LOPE
3575,LORL
3576,LOTZ
3577,LOTZW
3578,LOV
3579,LOVE
3580,LOW
3581,LPCN
3582,LPG
3583,LPI
3584,LPL
3585,LPLA
3586,LPRO
3587,LPSN
3588,LPTH
3589,LPTX
3590,LPX
3591,LQDA
3592,LQDT
3593,LRCX
3594,LRMR
3595,LRN
3596,LSAQ
3597,LSBK
3598,LSCC
3599,LSEA
3600,LSEAW
3601,LSF
3602,LSI
3603,LSPD
3604,LSTR
3605,LSXMA
3606,LSXMB
3607,LSXMK
3608,LTBR
3609,LTC
3610,LTHM
3611,LTRN
3612,LTRPA
3613,LTRPB
3614,LTRX
3615,LU
3616,LUB
3617,LULU
3618,LUMN
3619,LUMO
3620,LUNA
3621,LUNG
3622,LUV
3623,LUXA
3624,LUXAU
3625,LUXAW
3626,LVRAU
3627,LVS
3628,LVTX
3629,LW
3630,LWAC
3631,LWACU
3632,LWACW
3633,LWAY
3634,LX
3635,LXEH
3636,LXFR
3637,LXP
3638,LXRX
3639,LXU
3640,LYB
3641,LYFT
3642,LYG
3643,LYL
3644,LYRA
3645,LYTS
3646,LYV
3647,LZB
3648,M
3649,MA
3650,MAA
3651,MAAC
3652,MAACU
3653,MAACW
3654,MAC
3655,MACA
3656,MACAU
3657,MACAW
3658,MACK
3659,MACQU
3660,MACU
3661,MACUU
3662,MACUW
3663,MAG
3664,MAGS
3665,MAIN
3666,MAN
3667,MANH
3668,MANT
3669,MANU
3670,MAR
3671,MARA
3672,MARK
3673,MARPS
3674,MAS
3675,MASI
3676,MASS
3677,MAT
3678,MATW
3679,MATX
3680,MAX
3681,MAXN
3682,MAXR
3683,MAYS
3684,MBCN
3685,MBI
3686,MBII
3687,MBIN
3688,MBINN
3689,MBINO
3690,MBINP
3691,MBIO
3692,MBNKP
3693,MBOT
3694,MBRX
3695,MBT
3696,MBTCU
3697,MBUU
3698,MBWM
3699,MC
3700,MCAD
3701,MCADR
3702,MCADU
3703,MCB
3704,MCBC
3705,MCBS
3706,MCD
3707,MCF
3708,MCFE
3709,MCFT
3710,MCHP
3711,MCHX
3712,MCK
3713,MCMJ
3714,MCMJW
3715,MCO
3716,MCRB
3717,MCRI
3718,MCS
3719,MCY
3720,MD
3721,MDB
3722,MDC
3723,MDCA
3724,MDGL
3725,MDGS
3726,MDGSW
3727,MDH
3728,MDIA
3729,MDJH
3730,MDLA
3731,MDLQ
3732,MDLX
3733,MDLY
3734,MDLZ
3735,MDNA
3736,MDP
3737,MDRR
3738,MDRRP
3739,MDRX
3740,MDT
3741,MDU
3742,MDVL
3743,MDWD
3744,MDWT
3745,MDXG
3746,MEC
3747,MED
3748,MEDP
3749,MEDS
3750,MEG
3751,MEI
3752,MEIP
3753,MELI
3754,MEOH
3755,MERC
3756,MESA
3757,MESO
3758,MET
3759,METC
3760,METX
3761,METXW
3762,MFA
3763,MFC
3764,MFG
3765,MFGP
3766,MFH
3767,MFIN
3768,MFINL
3769,MFNC
3770,MG
3771,MGA
3772,MGEE
3773,MGI
3774,MGIC
3775,MGLN
3776,MGM
3777,MGNI
3778,MGNX
3779,MGP
3780,MGPI
3781,MGR
3782,MGRB
3783,MGRC
3784,MGTA
3785,MGTX
3786,MGY
3787,MGYR
3788,MHH
3789,MHK
3790,MHLA
3791,MHLD
3792,MHNC
3793,MHO
3794,MIC
3795,MICT
3796,MIDD
3797,MIK
3798,MILE
3799,MILEW
3800,MIME
3801,MIND
3802,MINDP
3803,MIRM
3804,MIST
3805,MIT
3806,MITC
3807,MITK
3808,MITO
3809,MITT
3810,MIXT
3811,MKC
3812,MKC-V
3813,MKD
3814,MKGI
3815,MKL
3816,MKSI
3817,MKTX
3818,MKTY
3819,MLAB
3820,MLAC
3821,MLACU
3822,MLACW
3823,MLCO
3824,MLHR
3825,MLI
3826,MLM
3827,MLND
3828,MLP
3829,MLPR
3830,MLR
3831,MLSS
3832,MLVF
3833,MMAC
3834,MMC
3835,MMI
3836,MMLP
3837,MMM
3838,MMP
3839,MMS
3840,MMSI
3841,MMX
3842,MMYT
3843,MN
3844,MNDO
3845,MNKD
3846,MNOV
3847,MNPR
3848,MNR
3849,MNRL
3850,MNRO
3851,MNSB
3852,MNSBP
3853,MNSO
3854,MNST
3855,MNTK
3856,MNTX
3857,MO
3858,MOD
3859,MODN
3860,MODV
3861,MOFG
3862,MOG-A
3863,MOG-B
3864,MOGO
3865,MOGU
3866,MOH
3867,MOHO
3868,MOMO
3869,MON
3870,MONCU
3871,MONCW
3872,MOR
3873,MORF
3874,MORN
3875,MOS
3876,MOSY
3877,MOTN
3878,MOTNU
3879,MOTNW
3880,MOTS
3881,MOTV
3882,MOV
3883,MOVE
3884,MOXC
3885,MP
3886,MPAA
3887,MPACU
3888,MPB
3889,MPC
3890,MPLN
3891,MPLX
3892,MPW
3893,MPWR
3894,MPX
3895,MRAC
3896,MRACU
3897,MRACW
3898,MRAM
3899,MRBK
3900,MRC
3901,MRCC
3902,MRCY
3903,MREO
3904,MRIN
3905,MRK
3906,MRKR
3907,MRLN
3908,MRM
3909,MRNA
3910,MRNS
3911,MRO
3912,MRSN
3913,MRTN
3914,MRTX
3915,MRUS
3916,MRVI
3917,MRVL
3918,MS
3919,MSA
3920,MSAC
3921,MSACU
3922,MSACW
3923,MSB
3924,MSBI
3925,MSC
3926,MSCI
3927,MSDAU
3928,MSEX
3929,MSFT
3930,MSGE
3931,MSGM
3932,MSGN
3933,MSGS
3934,MSI
3935,MSM
3936,MSN
3937,MSON
3938,MSP
3939,MSTR
3940,MSVB
3941,MT
3942,MTA
3943,MTAC
3944,MTACU
3945,MTACW
3946,MTB
3947,MTBC
3948,MTBCP
3949,MTC
3950,MTCH
3951,MTCN
3952,MTCR
3953,MTD
3954,MTDR
3955,MTEM
3956,MTEX
3957,MTG
3958,MTGP
3959,MTH
3960,MTL
3961,MTL-P
3962,MTLS
3963,MTN
3964,MTNB
3965,MTOR
3966,MTP
3967,MTR
3968,MTRN
3969,MTRX
3970,MTSC
3971,MTSI
3972,MTSL
3973,MTW
3974,MTX
3975,MTZ
3976,MU
3977,MUDS
3978,MUDSU
3979,MUDSW
3980,MUFG
3981,MUR
3982,MUSA
3983,MUX
3984,MVBF
3985,MVIS
3986,MVO
3987,MVRL
3988,MWA
3989,MWK
3990,MX
3991,MXC
3992,MXIM
3993,MXL
3994,MYE
3995,MYFW
3996,MYGN
3997,MYO
3998,MYOV
3999,MYRG
4000,MYSZ
4001,MYT
4002,MYTE
4003,NAAC
4004,NAACU
4005,NAACW
4006,NAII
4007,NAK
4008,NAKD
4009,NAOV
4010,NAPA
4011,NARI
4012,NAT
4013,NATH
4014,NATI
4015,NATR
4016,NAV
4017,NAVB
4018,NAVI
4019,NBA
4020,NBEV
4021,NBHC
4022,NBIX
4023,NBLX
4024,NBN
4025,NBR
4026,NBRV
4027,NBSE
4028,NBSTU
4029,NBTB
4030,NBTX
4031,NBY
4032,NC
4033,NCBS
4034,NCLH
4035,NCMI
4036,NCNA
4037,NCNO
4038,NCR
4039,NCSM
4040,NCTY
4041,NDACU
4042,NDAQ
4043,NDLS
4044,NDMO
4045,NDRA
4046,NDRAW
4047,NDSN
4048,NEBC
4049,NEBCU
4050,NEBCW
4051,NEE
4052,NEE 6.219
4053,NEM
4054,NEN
4055,NEO
4056,NEOG
4057,NEON
4058,NEP
4059,NEPH
4060,NEPT
4061,NERV
4062,NES
4063,NESR
4064,NET
4065,NETE
4066,NETI
4067,NEU
4068,NEW
4069,NEWA
4070,NEWR
4071,NEWT
4072,NEWTL
4073,NEWTZ
4074,NEX
4075,NEXA
4076,NEXI
4077,NEXT
4078,NFBK
4079,NFE
4080,NFG
4081,NFH
4082,NFLX
4083,NG
4084,NGA
4085,NGAB
4086,NGAC
4087,NGACU
4088,NGACW
4089,NGCAU
4090,NGD
4091,NGG
4092,NGL
4093,NGM
4094,NGMS
4095,NGS
4096,NGVC
4097,NGVT
4098,NH
4099,NHC
4100,NHI
4101,NHIC
4102,NHICU
4103,NHICW
4104,NHTC
4105,NI
4106,NICE
4107,NICK
4108,NINE
4109,NIO
4110,NISN
4111,NIU
4112,NJR
4113,NKE
4114,NKLA
4115,NKSH
4116,NKTR
4117,NKTX
4118,NL
4119,NLOK
4120,NLS
4121,NLSN
4122,NLSP
4123,NLSPW
4124,NLTX
4125,NLY
4126,NM
4127,NMCI
4128,NMCO
4129,NMFC
4130,NMIH
4131,NMM
4132,NMMC
4133,NMMCU
4134,NMMCW
4135,NMR
4136,NMRD
4137,NMRK
4138,NMTR
4139,NNA
4140,NNBR
4141,NNDM
4142,NNI
4143,NNN
4144,NNOX
4145,NNVC
4146,NOA
4147,NOAC
4148,NOACU
4149,NOACW
4150,NOAH
4151,NOC
4152,NODK
4153,NOG
4154,NOK
4155,NOMD
4156,NOTV
4157,NOV
4158,NOVA
4159,NOVN
4160,NOVT
4161,NOW
4162,NP
4163,NPAUU
4164,NPK
4165,NPO
4166,NPTN
4167,NR
4168,NRAC
4169,NRACU
4170,NRACW
4171,NRBO
4172,NRC
4173,NREF
4174,NRG
4175,NRGD
4176,NRGU
4177,NRGX
4178,NRIM
4179,NRIX
4180,NRP
4181,NRT
4182,NRUC
4183,NRZ
4184,NS
4185,NSA
4186,NSC
4187,NSEC
4188,NSH
4189,NSIT
4190,NSP
4191,NSPR
4192,NSS
4193,NSSC
4194,NSTB
4195,NSTG
4196,NSYS
4197,NTAP
4198,NTB
4199,NTCO
4200,NTCT
4201,NTEC
4202,NTES
4203,NTEST
4204,NTEST-H
4205,NTEST-I
4206,NTEST-O
4207,NTGR
4208,NTIC
4209,NTIP
4210,NTLA
4211,NTNX
4212,NTP
4213,NTR
4214,NTRA
4215,NTRS
4216,NTRSO
4217,NTST
4218,NTUS
4219,NTWK
4220,NTZ
4221,NUAN
4222,NUE
4223,NURO
4224,NUS
4225,NUVA
4226,NUZE
4227,NVAX
4228,NVCN
4229,NVCR
4230,NVDA
4231,NVEC
4232,NVEE
4233,NVFY
4234,NVGS
4235,NVIV
4236,NVMI
4237,NVO
4238,NVOS
4239,NVR
4240,NVRO
4241,NVS
4242,NVSAU
4243,NVST
4244,NVT
4245,NVTA
4246,NVVE
4247,NVVEW
4248,NWBI
4249,NWE
4250,NWFL
4251,NWG
4252,NWHM
4253,NWL
4254,NWLI
4255,NWN
4256,NWPX
4257,NWS
4258,NWSA
4259,NX
4260,NXE
4261,NXGN
4262,NXPI
4263,NXRT
4264,NXST
4265,NXTC
4266,NXTD
4267,NXU
4268,NYC
4269,NYCB
4270,NYMT
4271,NYMTM
4272,NYMTN
4273,NYMTO
4274,NYMTP
4275,NYMX
4276,NYT
4277,O
4278,OACB
4279,OAS
4280,OBAS
4281,OBCI
4282,OBLG
4283,OBLN
4284,OBNK
4285,OBSV
4286,OC
4287,OCA
4288,OCAX
4289,OCAXU
4290,OCAXW
4291,OCC
4292,OCCI
4293,OCCIP
4294,OCDX
4295,OCFC
4296,OCFCP
4297,OCFT
4298,OCG
4299,OCGN
4300,OCN
4301,OCSL
4302,OCUL
4303,OCUP
4304,OCX
4305,ODC
4306,ODFL
4307,ODP
4308,ODT
4309,OEC
4310,OEG
4311,OEPW
4312,OEPWU
4313,OEPWW
4314,OESX
4315,OFC
4316,OFED
4317,OFG
4318,OFIX
4319,OFLX
4320,OFS
4321,OFSSG
4322,OFSSI
4323,OGCP
4324,OGE
4325,OGEN
4326,OGI
4327,OGS
4328,OHI
4329,OHPAU
4330,OI
4331,OIBR-C
4332,OII
4333,OIIM
4334,OIL
4335,OIS
4336,OJSCY
4337,OKE
4338,OKTA
4339,OLB
4340,OLED
4341,OLK
4342,OLLI
4343,OLMA
4344,OLN
4345,OLO
4346,OLP
4347,OM
4348,OMAB
4349,OMC
4350,OMCL
4351,OMEG
4352,OMER
4353,OMEX
4354,OMF
4355,OMI
4356,OMP
4357,ON
4358,ONB
4359,ONCR
4360,ONCS
4361,ONCT
4362,ONCY
4363,ONDS
4364,ONE
4365,ONEM
4366,ONEW
4367,ONTF
4368,ONTO
4369,ONTX
4370,ONTXW
4371,ONVO
4372,OOMA
4373,OPBK
4374,OPCH
4375,OPEN
4376,OPENW
4377,OPGN
4378,OPHC
4379,OPI
4380,OPINI
4381,OPINL
4382,OPK
4383,OPNT
4384,OPOF
4385,OPRA
4386,OPRT
4387,OPRX
4388,OPT
4389,OPTN
4390,OPTT
4391,OPY
4392,OR
4393,ORA
4394,ORAN
4395,ORBC
4396,ORC
4397,ORCC
4398,ORCL
4399,ORGO
4400,ORGS
4401,ORI
4402,ORIC
4403,ORLA
4404,ORLY
4405,ORMP
4406,ORN
4407,ORPH
4408,ORRF
4409,ORTX
4410,OSBC
4411,OSCR
4412,OSG
4413,OSH
4414,OSIS
4415,OSK
4416,OSMT
4417,OSN
4418,OSPN
4419,OSS
4420,OSTK
4421,OSTR
4422,OSTRU
4423,OSTRW
4424,OSUR
4425,OSW
4426,OTEL
4427,OTEX
4428,OTIC
4429,OTIS
4430,OTLK
4431,OTLKW
4432,OTRA
4433,OTRAU
4434,OTRAW
4435,OTRK
4436,OTRKP
4437,OTTR
4438,OUST
4439,OUT
4440,OVBC
4441,OVID
4442,OVLY
4443,OVV
4444,OXBR
4445,OXBRW
4446,OXLCL
4447,OXLCM
4448,OXLCO
4449,OXLCP
4450,OXM
4451,OXSQ
4452,OXSQL
4453,OXSQZ
4454,OXY
4455,OYST
4456,OZK
4457,OZON
4458,PAA
4459,PAAS
4460,PAC
4461,PACB
4462,PACE
4463,PACK
4464,PACW
4465,PACX
4466,PACXU
4467,PACXW
4468,PAE
4469,PAG
4470,PAGP
4471,PAGS
4472,PAHC
4473,PAIC
4474,PAICU
4475,PAICW
4476,PANA
4477,PAND
4478,PANL
4479,PANW
4480,PAQC
4481,PAQCU
4482,PAQCW
4483,PAR
4484,PARR
4485,PASG
4486,PATI
4487,PATK
4488,PAVM
4489,PAVMW
4490,PAVMZ
4491,PAX
4492,PAYA
4493,PAYAW
4494,PAYC
4495,PAYS
4496,PAYX
4497,PB
4498,PBA
4499,PBC
4500,PBCT
4501,PBCTP
4502,PBF
4503,PBFS
4504,PBFX
4505,PBH
4506,PBHC
4507,PBI
4508,PBIP
4509,PBLA
4510,PBPB
4511,PBR
4512,PBR-A
4513,PBT
4514,PBTS
4515,PBY
4516,PBYI
4517,PCAR
4518,PCB
4519,PCG
4520,PCGU
4521,PCH
4522,PCOM
4523,PCPC
4524,PCRX
4525,PCSA
4526,PCSB
4527,PCT
4528,PCTI
4529,PCTTU
4530,PCTTW
4531,PCTY
4532,PCVX
4533,PCYG
4534,PCYO
4535,PD
4536,PDAC
4537,PDCE
4538,PDCO
4539,PDD
4540,PDEX
4541,PDFS
4542,PDLB
4543,PDM
4544,PDO
4545,PDS
4546,PDSB
4547,PEAK
4548,PEB
4549,PEBK
4550,PEBO
4551,PED
4552,PEG
4553,PEGA
4554,PEI
4555,PEN
4556,PENN
4557,PEP
4558,PERI
4559,PESI
4560,PETQ
4561,PETS
4562,PETZ
4563,PFBC
4564,PFBI
4565,PFC
4566,PFDRU
4567,PFE
4568,PFG
4569,PFGC
4570,PFH
4571,PFHD
4572,PFIE
4573,PFIN
4574,PFIS
4575,PFLT
4576,PFMT
4577,PFPT
4578,PFS
4579,PFSI
4580,PFSW
4581,PFXNL
4582,PG
4583,PGC
4584,PGEN
4585,PGNY
4586,PGR
4587,PGRE
4588,PGRW
4589,PGRWU
4590,PGRWW
4591,PGTI
4592,PH
4593,PHAR
4594,PHAS
4595,PHAT
4596,PHCF
4597,PHG
4598,PHGE
4599,PHI
4600,PHIC
4601,PHICU
4602,PHICW
4603,PHIO
4604,PHIOW
4605,PHM
4606,PHR
4607,PHUN
4608,PHUNW
4609,PHVS
4610,PHX
4611,PI
4612,PIAI
4613,PICC
4614,PII
4615,PINC
4616,PINE
4617,PING
4618,PINS
4619,PIPP
4620,PIPR
4621,PIRS
4622,PIXY
4623,PJT
4624,PK
4625,PKBK
4626,PKE
4627,PKG
4628,PKI
4629,PKOH
4630,PKX
4631,PLAB
4632,PLAG
4633,PLAN
4634,PLAY
4635,PLBC
4636,PLBY
4637,PLCE
4638,PLD
4639,PLG
4640,PLIN
4641,PLL
4642,PLM
4643,PLMIU
4644,PLMR
4645,PLNT
4646,PLOW
4647,PLPC
4648,PLRX
4649,PLSE
4650,PLT
4651,PLTK
4652,PLTR
4653,PLUG
4654,PLUS
4655,PLX
4656,PLXP
4657,PLXS
4658,PLYA
4659,PLYM
4660,PM
4661,PMBC
4662,PMD
4663,PME
4664,PMGMU
4665,PMT
4666,PMVC
4667,PMVP
4668,PNBK
4669,PNC
4670,PNFP
4671,PNFPP
4672,PNM
4673,PNNT
4674,PNNTG
4675,PNR
4676,PNRG
4677,PNTG
4678,PNTM
4679,PNW
4680,POAI
4681,PODD
4682,POLA
4683,POOL
4684,POPM
4685,POR
4686,POSH
4687,POST
4688,POW
4689,POWI
4690,POWL
4691,POWRU
4692,POWRW
4693,POWW
4694,PPBI
4695,PPBT
4696,PPC
4697,PPD
4698,PPG
4699,PPGH
4700,PPGHU
4701,PPGHW
4702,PPIH
4703,PPL
4704,PPSI
4705,PPTA
4706,PPX
4707,PQG
4708,PRA
4709,PRAA
4710,PRAH
4711,PRAX
4712,PRCH
4713,PRCHW
4714,PRDO
4715,PRFT
4716,PRFX
4717,PRG
4718,PRGO
4719,PRGS
4720,PRI
4721,PRIM
4722,PRK
4723,PRLB
4724,PRLD
4725,PRMW
4726,PRO
4727,PROF
4728,PROG
4729,PROS
4730,PROV
4731,PRPB
4732,PRPC
4733,PRPH
4734,PRPL
4735,PRPO
4736,PRQR
4737,PRS
4738,PRSP
4739,PRSR
4740,PRSRU
4741,PRSRW
4742,PRT
4743,PRTA
4744,PRTC
4745,PRTG
4746,PRTH
4747,PRTK
4748,PRTS
4749,PRTY
4750,PRU
4751,PRVB
4752,PS
4753,PSA
4754,PSAC
4755,PSACU
4756,PSACW
4757,PSAGU
4758,PSAGW
4759,PSB
4760,PSEC
4761,PSFE
4762,PSHG
4763,PSMT
4764,PSN
4765,PSNL
4766,PSO
4767,PSTG
4768,PSTH
4769,PSTI
4770,PSTL
4771,PSTV
4772,PSTX
4773,PSX
4774,PSXP
4775,PT
4776,PTA
4777,PTC
4778,PTCT
4779,PTE
4780,PTEN
4781,PTGX
4782,PTIC
4783,PTICU
4784,PTICW
4785,PTK
4786,PTMN
4787,PTN
4788,PTNR
4789,PTOCU
4790,PTON
4791,PTPI
4792,PTR
4793,PTRS
4794,PTSI
4795,PTVCA
4796,PTVCB
4797,PTVE
4798,PUBM
4799,PUCK
4800,PUCKU
4801,PUCKW
4802,PUK
4803,PUK-P
4804,PULM
4805,PUMP
4806,PUYI
4807,PV
4808,PVAC
4809,PVBC
4810,PVG
4811,PVH
4812,PVL
4813,PW
4814,PWFL
4815,PWOD
4816,PWR
4817,PXD
4818,PXLW
4819,PXS
4820,PXSAP
4821,PXSAW
4822,PYPD
4823,PYPL
4824,PYR
4825,PYS
4826,PYT
4827,PZG
4828,PZN
4829,PZZA
4830,QADA
4831,QADB
4832,QCOM
4833,QCRH
4834,QD
4835,QDEL
4836,QELL
4837,QELLU
4838,QELLW
4839,QFIN
4840,QFTA
4841,QGEN
4842,QH
4843,QIWI
4844,QK
4845,QLGN
4846,QLI
4847,QLV
4848,QLVD
4849,QLVE
4850,QLYS
4851,QMCO
4852,QNST
4853,QRHC
4854,QRTEA
4855,QRTEB
4856,QRTEP
4857,QRVO
4858,QS
4859,QSR
4860,QTNT
4861,QTRX
4862,QTS
4863,QTT
4864,QTWO
4865,QUAD
4866,QUIK
4867,QULL
4868,QUMU
4869,QUOT
4870,QURE
4871,QVCC
4872,QVCD
4873,R
4874,RAAC
4875,RAACU
4876,RAACW
4877,RAAS
4878,RACA
4879,RACB
4880,RACE
4881,RAD
4882,RADA
4883,RADI
4884,RAIL
4885,RAMP
4886,RAND
4887,RAPT
4888,RARE
4889,RAVE
4890,RAVN
4891,RBA
4892,RBAC
4893,RBB
4894,RBBN
4895,RBC
4896,RBCAA
4897,RBCN
4898,RBKB
4899,RBLX
4900,RBNC
4901,RC
4902,RCA
4903,RCB
4904,RCC
4905,RCEL
4906,RCHG
4907,RCHGU
4908,RCHGW
4909,RCI
4910,RCII
4911,RCKT
4912,RCKY
4913,RCL
4914,RCLF
4915,RCLFU
4916,RCLFW
4917,RCM
4918,RCMT
4919,RCON
4920,RCP
4921,RCUS
4922,RDCM
4923,RDFN
4924,RDHL
4925,RDI
4926,RDIB
4927,RDN
4928,RDNT
4929,RDS-A
4930,RDS-B
4931,RDUS
4932,RDVT
4933,RDWR
4934,RDY
4935,RE
4936,REAL
4937,REDU
4938,REED
4939,REFR
4940,REG
4941,REGI
4942,REGN
4943,REI
4944,REKR
4945,RELI
4946,RELIW
4947,RELL
4948,RELX
4949,RENN
4950,REPH
4951,REPL
4952,REPX
4953,RES
4954,RESN
4955,RETA
4956,RETO
4957,REV
4958,REVG
4959,REVHU
4960,REX
4961,REXR
4962,REYN
4963,REZI
4964,RF
4965,RFIL
4966,RFL
4967,RFM
4968,RFMZ
4969,RFP
4970,RGA
4971,RGCO
4972,RGEN
4973,RGLD
4974,RGLS
4975,RGNX
4976,RGP
4977,RGR
4978,RGS
4979,RH
4980,RHE
4981,RHI
4982,RHP
4983,RIBT
4984,RICE
4985,RICK
4986,RIDE
4987,RIG
4988,RIGL
4989,RILY
4990,RILYG
4991,RILYH
4992,RILYI
4993,RILYK
4994,RILYL
4995,RILYM
4996,RILYN
4997,RILYO
4998,RILYP
4999,RILYT
5000,RIO
5001,RIOT
5002,RIVE
5003,RJF
5004,RKDA
5005,RKT
5006,RL
5007,RLAY
5008,RLGT
5009,RLGY
5010,RLI
5011,RLJ
5012,RLMD
5013,RLX
5014,RM
5015,RMAX
5016,RMBI
5017,RMBL
5018,RMBS
5019,RMCF
5020,RMD
5021,RMED
5022,RMGB
5023,RMGBU
5024,RMGBW
5025,RMGC
5026,RMGCU
5027,RMGCW
5028,RMI
5029,RMM
5030,RMNI
5031,RMO
5032,RMPL-P
5033,RMR
5034,RMRM
5035,RMTI
5036,RNA
5037,RNDB
5038,RNET
5039,RNG
5040,RNGR
5041,RNLX
5042,RNR
5043,RNST
5044,RNWK
5045,ROAD
5046,ROCC
5047,ROCCU
5048,ROCCW
5049,ROCK
5050,ROCR
5051,ROCRU
5052,ROCRW
5053,ROG
5054,ROIC
5055,ROK
5056,ROKU
5057,ROL
5058,ROLL
5059,ROOT
5060,ROP
5061,ROST
5062,ROT
5063,RP
5064,RPAI
5065,RPAY
5066,RPD
5067,RPHM
5068,RPM
5069,RPRX
5070,RPT
5071,RPTX
5072,RRBI
5073,RRC
5074,RRD
5075,RRGB
5076,RRR
5077,RS
5078,RSG
5079,RSI
5080,RSSS
5081,RSVA
5082,RSVAU
5083,RSVAW
5084,RTLR
5085,RTP
5086,RTPYU
5087,RTPZ
5088,RTX
5089,RUBY
5090,RUHN
5091,RUN
5092,RUSHA
5093,RUSHB
5094,RUTH
5095,RVI
5096,RVLV
5097,RVMD
5098,RVNC
5099,RVP
5100,RVPH
5101,RVPHW
5102,RVSB
5103,RWLK
5104,RWT
5105,RXDX
5106,RXN
5107,RXRAU
5108,RXT
5109,RY
5110,RYAAY
5111,RYAM
5112,RYB
5113,RYI
5114,RYN
5115,RYTM
5116,RZA
5117,RZB
5118,RZLT
5119,SA
5120,SABR
5121,SABRP
5122,SACC
5123,SACH
5124,SAF
5125,SAFE
5126,SAFM
5127,SAFT
5128,SAGE
5129,SAH
5130,SAIA
5131,SAIC
5132,SAII
5133,SAIIU
5134,SAIIW
5135,SAIL
5136,SAK
5137,SAL
5138,SALM
5139,SAM
5140,SAMG
5141,SAN
5142,SANA
5143,SAND
5144,SANM
5145,SANW
5146,SAP
5147,SAR
5148,SASR
5149,SATS
5150,SAVA
5151,SAVE
5152,SB
5153,SBAC
5154,SBBA
5155,SBBP
5156,SBCF
5157,SBEAU
5158,SBFG
5159,SBG
5160,SBGI
5161,SBH
5162,SBLK
5163,SBLKZ
5164,SBNY
5165,SBNYP
5166,SBOW
5167,SBR
5168,SBRA
5169,SBS
5170,SBSI
5171,SBSW
5172,SBT
5173,SBTX
5174,SBUX
5175,SC
5176,SCAQU
5177,SCCB
5178,SCCC
5179,SCCO
5180,SCDL
5181,SCHL
5182,SCHN
5183,SCHW
5184,SCI
5185,SCKT
5186,SCL
5187,SCLE
5188,SCLEU
5189,SCLEW
5190,SCM
5191,SCOA
5192,SCOAU
5193,SCOAW
5194,SCOB
5195,SCOBU
5196,SCOBW
5197,SCOR
5198,SCPE
5199,SCPH
5200,SCPL
5201,SCPS
5202,SCR
5203,SCS
5204,SCSC
5205,SCU
5206,SCVL
5207,SCVX
5208,SCWX
5209,SCX
5210,SCYX
5211,SD
5212,SDAC
5213,SDACU
5214,SDACW
5215,SDC
5216,SDGR
5217,SDH
5218,SDHY
5219,SDPI
5220,SE
5221,SEAC
5222,SEAH
5223,SEAS
5224,SEB
5225,SECO
5226,SEDG
5227,SEE
5228,SEED
5229,SEEL
5230,SEER
5231,SEIC
5232,SELB
5233,SELF
5234,SEM
5235,SEMR
5236,SENEA
5237,SENEB
5238,SENS
5239,SESN
5240,SF
5241,SFB
5242,SFBC
5243,SFBS
5244,SFE
5245,SFET
5246,SFIX
5247,SFL
5248,SFM
5249,SFNC
5250,SFST
5251,SFT
5252,SFTW
5253,SFUN
5254,SGA
5255,SGAM
5256,SGAMU
5257,SGAMW
5258,SGBX
5259,SGC
5260,SGEN
5261,SGFY
5262,SGH
5263,SGLB
5264,SGLBW
5265,SGMA
5266,SGMO
5267,SGMS
5268,SGOC
5269,SGRP
5270,SGRY
5271,SGTX
5272,SGU
5273,SHAC
5274,SHACU
5275,SHACW
5276,SHAK
5277,SHBI
5278,SHC
5279,SHEN
5280,SHG
5281,SHI
5282,SHIP
5283,SHIPW
5284,SHIPZ
5285,SHLS
5286,SHLX
5287,SHO
5288,SHOO
5289,SHOP
5290,SHSP
5291,SHW
5292,SHYF
5293,SI
5294,SIBN
5295,SIC
5296,SID
5297,SIEB
5298,SIEN
5299,SIF
5300,SIFY
5301,SIG
5302,SIGA
5303,SIGI
5304,SIGIP
5305,SII
5306,SILC
5307,SILK
5308,SILV
5309,SIM
5310,SIMO
5311,SINO
5312,SINT
5313,SIOX
5314,SIRI
5315,SITC
5316,SITE
5317,SITM
5318,SIVB
5319,SIVBP
5320,SIX
5321,SJ
5322,SJI
5323,SJIJ
5324,SJIU
5325,SJIV
5326,SJM
5327,SJR
5328,SJT
5329,SJW
5330,SKLZ
5331,SKM
5332,SKT
5333,SKX
5334,SKY
5335,SKYW
5336,SLAB
5337,SLAC
5338,SLAMU
5339,SLB
5340,SLCA
5341,SLCR
5342,SLCRU
5343,SLCRW
5344,SLCT
5345,SLDB
5346,SLF
5347,SLG
5348,SLGG
5349,SLGL
5350,SLGN
5351,SLM
5352,SLMBP
5353,SLN
5354,SLNO
5355,SLP
5356,SLQT
5357,SLRC
5358,SLRX
5359,SLS
5360,SM
5361,SMAR
5362,SMBC
5363,SMBK
5364,SMCI
5365,SMED
5366,SMFG
5367,SMG
5368,SMHI
5369,SMID
5370,SMIT
5371,SMLP
5372,SMMF
5373,SMMT
5374,SMP
5375,SMPL
5376,SMSI
5377,SMTC
5378,SMTI
5379,SMTS
5380,SMTX
5381,SNA
5382,SNAP
5383,SNBR
5384,SNCA
5385,SNCR
5386,SNCY
5387,SND
5388,SNDL
5389,SNDR
5390,SNDX
5391,SNES
5392,SNEX
5393,SNFCA
5394,SNGX
5395,SNGXW
5396,SNMP
5397,SNN
5398,SNOA
5399,SNOW
5400,SNP
5401,SNPR
5402,SNPS
5403,SNR
5404,SNRH
5405,SNRHU
5406,SNRHW
5407,SNSE
5408,SNV
5409,SNX
5410,SNY
5411,SO
5412,SO 6.75 08-01-22
5413,SOAC
5414,SOGO
5415,SOHO
5416,SOHOB
5417,SOHON
5418,SOHOO
5419,SOHU
5420,SOI
5421,SOJB
5422,SOJC
5423,SOJD
5424,SOJE
5425,SOL
5426,SOLO
5427,SOLOW
5428,SOLY
5429,SON
5430,SONM
5431,SONN
5432,SONO
5433,SONY
5434,SOS
5435,SP
5436,SPAQ
5437,SPB
5438,SPCB
5439,SPCE
5440,SPFI
5441,SPFR
5442,SPG
5443,SPGI
5444,SPH
5445,SPI
5446,SPKBU
5447,SPKE
5448,SPKEP
5449,SPLK
5450,SPLP
5451,SPNE
5452,SPNS
5453,SPNT
5454,SPNV
5455,SPOK
5456,SPOT
5457,SPPI
5458,SPR
5459,SPRB
5460,SPRO
5461,SPRQ
5462,SPRT
5463,SPSC
5464,SPT
5465,SPTK
5466,SPTKU
5467,SPTKW
5468,SPTN
5469,SPWH
5470,SPWR
5471,SPXC
5472,SQ
5473,SQBG
5474,SQFT
5475,SQM
5476,SQNS
5477,SQZ
5478,SR
5479,SRAC
5480,SRACU
5481,SRACW
5482,SRAX
5483,SRC
5484,SRCE
5485,SRCL
5486,SRDX
5487,SRE
5488,SREA
5489,SREV
5490,SRG
5491,SRGA
5492,SRI
5493,SRL
5494,SRLP
5495,SRNE
5496,SRNGU
5497,SRPT
5498,SRRA
5499,SRRK
5500,SRSA
5501,SRSAU
5502,SRSAW
5503,SRT
5504,SRTS
5505,SSAA
5506,SSAAU
5507,SSAAW
5508,SSB
5509,SSBI
5510,SSD
5511,SSKN
5512,SSL
5513,SSNC
5514,SSNT
5515,SSP
5516,SSPK
5517,SSPKU
5518,SSPKW
5519,SSRM
5520,SSSS
5521,SSTI
5522,SSTK
5523,SSY
5524,SSYS
5525,ST
5526,STAA
5527,STAF
5528,STAG
5529,STAR
5530,STAY
5531,STBA
5532,STC
5533,STCN
5534,STE
5535,STEP
5536,STFC
5537,STG
5538,STIC
5539,STIM
5540,STKL
5541,STKS
5542,STL
5543,STLA
5544,STLD
5545,STM
5546,STMP
5547,STN
5548,STND
5549,STNE
5550,STNG
5551,STOK
5552,STON
5553,STOR
5554,STPC
5555,STPK
5556,STRA
5557,STRL
5558,STRM
5559,STRO
5560,STRR
5561,STRRP
5562,STRS
5563,STRT
5564,STSA
5565,STT
5566,STTK
5567,STWD
5568,STWO
5569,STWOU
5570,STWOW
5571,STX
5572,STXB
5573,STXS
5574,STZ
5575,STZ-B
5576,SU
5577,SUI
5578,SUM
5579,SUMO
5580,SUMR
5581,SUN
5582,SUNS
5583,SUNW
5584,SUP
5585,SUPN
5586,SUPV
5587,SURF
5588,SUZ
5589,SV
5590,SVAC
5591,SVACU
5592,SVACW
5593,SVBI
5594,SVC
5595,SVFA
5596,SVFAU
5597,SVFAW
5598,SVFB
5599,SVFC
5600,SVM
5601,SVMK
5602,SVOK
5603,SVOKU
5604,SVOKW
5605,SVRA
5606,SVSVU
5607,SVSVW
5608,SVT
5609,SVVC
5610,SWAV
5611,SWBI
5612,SWBK
5613,SWCH
5614,SWET
5615,SWETU
5616,SWETW
5617,SWI
5618,SWIR
5619,SWK
5620,SWKH
5621,SWKS
5622,SWM
5623,SWN
5624,SWT
5625,SWTX
5626,SWX
5627,SXC
5628,SXI
5629,SXT
5630,SXTC
5631,SY
5632,SYBT
5633,SYBX
5634,SYF
5635,SYK
5636,SYKE
5637,SYN
5638,SYNA
5639,SYNC
5640,SYNH
5641,SYNL
5642,SYPR
5643,SYRS
5644,SYTA
5645,SYX
5646,SYY
5647,T
5648,TA
5649,TAC
5650,TACA
5651,TACO
5652,TACT
5653,TAIT
5654,TAK
5655,TAL
5656,TALO
5657,TANH
5658,TANNI
5659,TANNL
5660,TANNZ
5661,TAOP
5662,TAP
5663,TAP-A
5664,TARA
5665,TARO
5666,TARS
5667,TAST
5668,TATT
5669,TAYD
5670,TBA
5671,TBB
5672,TBBK
5673,TBC
5674,TBCP
5675,TBCPU
5676,TBCPW
5677,TBI
5678,TBIO
5679,TBK
5680,TBKCP
5681,TBLT
5682,TBLTW
5683,TBNK
5684,TBPH
5685,TBSAU
5686,TC
5687,TCAC
5688,TCACU
5689,TCACW
5690,TCBI
5691,TCBIL
5692,TCBIO
5693,TCBIP
5694,TCBK
5695,TCDA
5696,TCF
5697,TCFC
5698,TCFCP
5699,TCI
5700,TCMD
5701,TCOM
5702,TCON
5703,TCPC
5704,TCRR
5705,TCS
5706,TCX
5707,TD
5708,TDA
5709,TDAC
5710,TDACU
5711,TDACW
5712,TDC
5713,TDE
5714,TDG
5715,TDI
5716,TDJ
5717,TDOC
5718,TDS
5719,TDUP
5720,TDW
5721,TDY
5722,TEAF
5723,TEAM
5724,TECH
5725,TECK
5726,TECTP
5727,TEDU
5728,TEF
5729,TEKK
5730,TEKKU
5731,TEKKW
5732,TEL
5733,TELA
5734,TELL
5735,TEN
5736,TENB
5737,TENX
5738,TEO
5739,TER
5740,TERN
5741,TESS
5742,TETCU
5743,TEVA
5744,TEX
5745,TFC
5746,TFFP
5747,TFII
5748,TFSA
5749,TFSL
5750,TFX
5751,TG
5752,TGA
5753,TGB
5754,TGH
5755,TGI
5756,TGLS
5757,TGNA
5758,TGP
5759,TGS
5760,TGT
5761,TGTX
5762,TH
5763,THBR
5764,THBRU
5765,THBRW
5766,THC
5767,THCA
5768,THCAU
5769,THCAW
5770,THCB
5771,THCBU
5772,THCBW
5773,THFF
5774,THG
5775,THM
5776,THMA
5777,THMAU
5778,THMAW
5779,THMO
5780,THO
5781,THR
5782,THRM
5783,THRY
5784,THS
5785,THTX
5786,THWWW
5787,TIG
5788,TIGO
5789,TIGR
5790,TIL
5791,TILE
5792,TIMB
5793,TINV
5794,TIOAU
5795,TIPT
5796,TIRX
5797,TISI
5798,TITN
5799,TIXT
5800,TJX
5801,TK
5802,TKAT
5803,TKC
5804,TKR
5805,TLC
5806,TLGA
5807,TLGT
5808,TLIS
5809,TLK
5810,TLMD
5811,TLMDW
5812,TLND
5813,TLRY
5814,TLS
5815,TLSA
5816,TLYS
5817,TM
5818,TMAC
5819,TMBR
5820,TMDI
5821,TMDX
5822,TME
5823,TMHC
5824,TMKR
5825,TMKRU
5826,TMKRW
5827,TMO
5828,TMP
5829,TMPM
5830,TMPMU
5831,TMPMW
5832,TMQ
5833,TMST
5834,TMTS
5835,TMTSU
5836,TMTSW
5837,TMUS
5838,TMX
5839,TNC
5840,TNDM
5841,TNET
5842,TNK
5843,TNL
5844,TNP
5845,TNXP
5846,TOL
5847,TOMZ
5848,TOPS
5849,TOT
5850,TOUR
5851,TOWN
5852,TPAY
5853,TPB
5854,TPC
5855,TPCO
5856,TPGS
5857,TPGY
5858,TPH
5859,TPHS
5860,TPIC
5861,TPL
5862,TPR
5863,TPTX
5864,TPVG
5865,TPVY
5866,TPX
5867,TR
5868,TRC
5869,TRCH
5870,TREB
5871,TREC
5872,TREE
5873,TREX
5874,TRGP
5875,TRHC
5876,TRI
5877,TRIB
5878,TRIL
5879,TRIN
5880,TRIP
5881,TRIT
5882,TRITW
5883,TRMB
5884,TRMD
5885,TRMK
5886,TRMT
5887,TRN
5888,TRNO
5889,TRNS
5890,TROW
5891,TROX
5892,TRP
5893,TRQ
5894,TRS
5895,TRST
5896,TRT
5897,TRTN
5898,TRTX
5899,TRU
5900,TRUE
5901,TRUP
5902,TRV
5903,TRVG
5904,TRVI
5905,TRVN
5906,TRX
5907,TS
5908,TSBK
5909,TSC
5910,TSCAP
5911,TSCBP
5912,TSCO
5913,TSE
5914,TSEM
5915,TSHA
5916,TSIA
5917,TSIAU
5918,TSIAW
5919,TSIB
5920,TSIBU
5921,TSIBW
5922,TSLA
5923,TSLX
5924,TSM
5925,TSN
5926,TSQ
5927,TSRI
5928,TT
5929,TTC
5930,TTCF
5931,TTD
5932,TTEC
5933,TTEK
5934,TTGT
5935,TTI
5936,TTM
5937,TTMI
5938,TTNP
5939,TTOO
5940,TTWO
5941,TU
5942,TUFN
5943,TUP
5944,TURN
5945,TUSK
5946,TUYA
5947,TV
5948,TVAC
5949,TVACU
5950,TVACW
5951,TVC
5952,TVE
5953,TVTX
5954,TVTY
5955,TW
5956,TWCT
5957,TWCTU
5958,TWCTW
5959,TWI
5960,TWIN
5961,TWLO
5962,TWLVU
5963,TWND
5964,TWNI
5965,TWNK
5966,TWNKW
5967,TWO
5968,TWOA
5969,TWOU
5970,TWST
5971,TWTR
5972,TX
5973,TXG
5974,TXMD
5975,TXN
5976,TXRH
5977,TXT
5978,TY-P
5979,TYHT
5980,TYL
5981,TYME
5982,TZOO
5983,TZPS
5984,TZPSU
5985,TZPSW
5986,U
5987,UA
5988,UAA
5989,UAL
5990,UAMY
5991,UAN
5992,UAVS
5993,UBA
5994,UBCP
5995,UBER
5996,UBFO
5997,UBOH
5998,UBP
5999,UBS
6000,UBSI
6001,UBX
6002,UCBI
6003,UCBIO
6004,UCL
6005,UCTT
6006,UDR
6007,UE
6008,UEC
6009,UEIC
6010,UEPS
6011,UFAB
6012,UFCS
6013,UFI
6014,UFPI
6015,UFPT
6016,UFS
6017,UG
6018,UGI
6019,UGP
6020,UGRO
6021,UHAL
6022,UHS
6023,UHT
6024,UI
6025,UIHC
6026,UIS
6027,UK
6028,UKOMW
6029,UL
6030,ULBI
6031,ULCC
6032,ULH
6033,ULTA
6034,UMBF
6035,UMC
6036,UMH
6037,UMPQ
6038,UNAM
6039,UNB
6040,UNF
6041,UNFI
6042,UNH
6043,UNIT
6044,UNM
6045,UNMA
6046,UNP
6047,UNTY
6048,UNVR
6049,UONE
6050,UONEK
6051,UPC
6052,UPLD
6053,UPS
6054,UPST
6055,UPWK
6056,URBN
6057,URG
6058,URGN
6059,URI
6060,USAC
6061,USAK
6062,USAP
6063,USAS
6064,USAT
6065,USAU
6066,USB
6067,USCR
6068,USDP
6069,USEG
6070,USFD
6071,USIO
6072,USLM
6073,USM
6074,USNA
6075,USPH
6076,USWS
6077,USWSW
6078,USX
6079,UTHR
6080,UTI
6081,UTL
6082,UTMD
6083,UTME
6084,UTSI
6085,UTZ
6086,UUU
6087,UUUU
6088,UVE
6089,UVSP
6090,UVV
6091,UWMC
6092,UXIN
6093,UZA
6094,UZB
6095,UZC
6096,UZD
6097,UZE
6098,V
6099,VABK
6100,VAC
6101,VACQ
6102,VACQU
6103,VACQW
6104,VALE
6105,VALU
6106,VAPO
6107,VAQC
6108,VAR
6109,VBFC
6110,VBIV
6111,VBLT
6112,VBTX
6113,VC
6114,VCEL
6115,VCKA
6116,VCKAU
6117,VCKAW
6118,VCNX
6119,VCRA
6120,VCTR
6121,VCVC
6122,VCVCU
6123,VCVCW
6124,VCYT
6125,VEC
6126,VECO
6127,VECT
6128,VEDL
6129,VEEV
6130,VEI
6131,VEL
6132,VELOU
6133,VENAU
6134,VEON
6135,VER
6136,VERB
6137,VERBW
6138,VERI
6139,VERO
6140,VERU
6141,VERX
6142,VERY
6143,VET
6144,VFC
6145,VFF
6146,VG
6147,VGAC
6148,VGR
6149,VGZ
6150,VHAQ
6151,VHC
6152,VHI
6153,VIAC
6154,VIACA
6155,VIACP
6156,VIAO
6157,VIAV
6158,VICI
6159,VICR
6160,VIEW
6161,VIEWW
6162,VIH
6163,VIHAU
6164,VIHAW
6165,VIHD
6166,VII
6167,VIIAU
6168,VIIAW
6169,VINC
6170,VINCU
6171,VINCW
6172,VINO
6173,VINP
6174,VIOT
6175,VIPS
6176,VIR
6177,VIRC
6178,VIRI
6179,VIRT
6180,VIRX
6181,VISL
6182,VIST
6183,VITL
6184,VIV
6185,VIVE
6186,VIVO
6187,VJET
6188,VKTX
6189,VLDR
6190,VLDRW
6191,VLGEA
6192,VLO
6193,VLON
6194,VLRS
6195,VLY
6196,VLYPO
6197,VLYPP
6198,VMAC
6199,VMACU
6200,VMACW
6201,VMAR
6202,VMC
6203,VMD
6204,VMI
6205,VMW
6206,VNCE
6207,VNDA
6208,VNE
6209,VNET
6210,VNO
6211,VNOM
6212,VNRX
6213,VNT
6214,VNTR
6215,VOC
6216,VOD
6217,VOLT
6218,VOR
6219,VOSO
6220,VOSOU
6221,VOSOW
6222,VOXX
6223,VOYA
6224,VPCBU
6225,VPG
6226,VRA
6227,VRAY
6228,VRCA
6229,VRDN
6230,VREX
6231,VRM
6232,VRME
6233,VRNA
6234,VRNS
6235,VRNT
6236,VRPX
6237,VRRM
6238,VRS
6239,VRSK
6240,VRSN
6241,VRT
6242,VRTS
6243,VRTV
6244,VRTX
6245,VSAT
6246,VSEC
6247,VSH
6248,VSPR
6249,VSPRU
6250,VSPRW
6251,VSSYW
6252,VST
6253,VSTA
6254,VSTM
6255,VSTO
6256,VTAQ
6257,VTAQR
6258,VTAQU
6259,VTAQW
6260,VTGN
6261,VTIQ
6262,VTIQU
6263,VTIQW
6264,VTNR
6265,VTOL
6266,VTR
6267,VTRS
6268,VTRU
6269,VTSI
6270,VTVT
6271,VUZI
6272,VVI
6273,VVNT
6274,VVOS
6275,VVPR
6276,VVV
6277,VWTR
6278,VXRT
6279,VYGG
6280,VYGR
6281,VYNE
6282,VYNT
6283,VZ
6284,VZIO
6285,W
6286,WAB
6287,WABC
6288,WAFD
6289,WAFDP
6290,WAFU
6291,WAL
6292,WALA
6293,WALDU
6294,WASH
6295,WAT
6296,WATT
6297,WB
6298,WBA
6299,WBAI
6300,WBK
6301,WBS
6302,WBT
6303,WCC
6304,WCLD
6305,WCN
6306,WD
6307,WDAY
6308,WDC
6309,WDFC
6310,WDR
6311,WEBL
6312,WEBS
6313,WEC
6314,WEI
6315,WELL
6316,WEN
6317,WERN
6318,WES
6319,WETF
6320,WEX
6321,WEYS
6322,WF
6323,WFC
6324,WFG
6325,WGO
6326,WH
6327,WHD
6328,WHF
6329,WHFBZ
6330,WHG
6331,WHLM
6332,WHLR
6333,WHLRD
6334,WHLRP
6335,WHR
6336,WIFI
6337,WILC
6338,WIMI
6339,WINA
6340,WING
6341,WINT
6342,WIRE
6343,WISA
6344,WISH
6345,WIT
6346,WIX
6347,WK
6348,WKEY
6349,WKHS
6350,WLDN
6351,WLFC
6352,WLK
6353,WLKP
6354,WLL
6355,WLMS
6356,WLTW
6357,WM
6358,WMB
6359,WMC
6360,WMG
6361,WMK
6362,WMPN
6363,WMS
6364,WMT
6365,WNC
6366,WNEB
6367,WNS
6368,WNW
6369,WOOF
6370,WOR
6371,WORK
6372,WORX
6373,WOW
6374,WPC
6375,WPF
6376,WPG
6377,WPM
6378,WPP
6379,WPRT
6380,WRAP
6381,WRB
6382,WRE
6383,WRI
6384,WRK
6385,WRLD
6386,WRN
6387,WSBC
6388,WSBCP
6389,WSBF
6390,WSC
6391,WSFS
6392,WSM
6393,WSO
6394,WSO-B
6395,WSR
6396,WST
6397,WSTG
6398,WTBA
6399,WTER
6400,WTFC
6401,WTFCM
6402,WTFCP
6403,WTI
6404,WTM
6405,WTRE
6406,WTREP
6407,WTRG
6408,WTRH
6409,WTRU
6410,WTS
6411,WTT
6412,WTTR
6413,WU
6414,WVE
6415,WVFC
6416,WVVI
6417,WVVIP
6418,WW
6419,WWD
6420,WWE
6421,WWR
6422,WWW
6423,WY
6424,WYNN
6425,WYY
6426,X
6427,XAIR
6428,XBIO
6429,XBIT
6430,XCUR
6431,XEC
6432,XEL
6433,XELA
6434,XELB
6435,XENE
6436,XENT
6437,XERS
6438,XFOR
6439,XGN
6440,XHR
6441,XIN
6442,XL
6443,XLNX
6444,XLRN
6445,XM
6446,XNCR
6447,XNET
6448,XOG
6449,XOM
6450,XOMA
6451,XOMAP
6452,XONE
6453,XP
6454,XPDI
6455,XPDIU
6456,XPDIW
6457,XPEL
6458,XPER
6459,XPEV
6460,XPL
6461,XPO
6462,XPOA
6463,XRAY
6464,XRX
6465,XSPA
6466,XTLB
6467,XTNT
6468,XXII
6469,XYF
6470,XYL
6471,Y
6472,YAC
6473,YALA
6474,YCBD
6475,YELL
6476,YELP
6477,YETI
6478,YEXT
6479,YGMZ
6480,YGYIP
6481,YI
6482,YJ
6483,YMAB
6484,YMTX
6485,YNDX
6486,YORW
6487,YPF
6488,YQ
6489,YRD
6490,YSAC
6491,YSACU
6492,YSACW
6493,YSG
6494,YTEN
6495,YTRA
6496,YUM
6497,YUMC
6498,YVR
6499,Z
6500,ZBH
6501,ZBRA
6502,ZCMD
6503,ZDGE
6504,ZEAL
6505,ZEN
6506,ZEPP
6507,ZEUS
6508,ZG
6509,ZGNX
6510,ZGYH
6511,ZGYHR
6512,ZGYHU
6513,ZGYHW
6514,ZH
6515,ZI
6516,ZIM
6517,ZION
6518,ZIONL
6519,ZIONN
6520,ZIONO
6521,ZIONP
6522,ZIOP
6523,ZIXI
6524,ZJZZT
6525,ZKIN
6526,ZLAB
6527,ZM
6528,ZNGA
6529,ZNH
6530,ZNTE
6531,ZNTEU
6532,ZNTEW
6533,ZNTL
6534,ZOM
6535,ZS
6536,ZSAN
6537,ZTO
6538,ZTS
6539,ZUMZ
6540,ZUO
6541,ZVO
6542,ZVZZT
6543,ZWRK
6544,ZWRKU
6545,ZWRKW
6546,ZWZZT
6547,ZXZZT
6548,ZYME
6549,ZYNE
6550,ZYXI
